Codigo,Nome,Ind_Melhor_Modelo,Ind_RMSE,Ind_MAE,Ind_MAPE,Grupo_Sinal,Cluster_ID,Pooled_Ridge_RMSE,Pooled_Ridge_MAE,Pooled_Ridge_MAPE,Pooled_SVR_RMSE,Pooled_SVR_MAE,Pooled_SVR_MAPE,Pooled_MLP_RMSE,Pooled_MLP_MAE,Pooled_MLP_MAPE,Pooled_Melhor_Modelo,Pooled_Melhor_RMSE,N_Treino,N_Holdout,Global_Ridge_RMSE,Global_Ridge_MAE,Global_Ridge_MAPE,Global_RF_RMSE,Global_RF_MAE,Global_RF_MAPE,Global_MLP_RMSE,Global_MLP_MAE,Global_MLP_MAPE,Global_LGBM_RMSE,Global_LGBM_MAE,Global_LGBM_MAPE,Global_Chronos_RMSE,Global_Chronos_MAE,Global_Chronos_MAPE,Global_Melhor_Modelo,Global_Melhor_RMSE,_Pooled_Melhor_MAPE,_Global_Melhor_MAPE,_Global_Melhor_com_Chronos_MAPE,_Oracle_RMSE,_Oracle_MAPE
501140107,Outros Recursos não Vinculados - CONSERVATÓRIO DE MÚSICA,LR,28449.484780733263,27542.453705966785,3558.4366769450776,apenas_positivos,0,37790.76,37692.01,4909.3644,18094.47,17293.5,2230.7322,52184.67,49626.07,6388.0809,SVR,18094.47,24,5,22923.71266790959,22606.295764774382,2993.9929124821097,15896.02329443548,15783.256932853948,2037.0956153708785,29520.111726374103,23597.86389954623,3178.008938818484,10357.719970839871,9522.818715549183,1186.9935886203427,286.7009191398143,241.470556640625,28.518688241722845,Chronos,286.7009191398143,2230.7322,1186.9935886203427,28.518688241722845,286.7009191398143,28.518688241722845
501651001,Outros Recursos não Vinculados - FENASEG,ARIMA,51977.8248160387,48123.67343784699,62.10835273280452,apenas_positivos,1,346565.92,343690.11,393.4325,463886.15,461533.43,520.8511,365816.01,360053.56,420.4969,Ridge,346565.92,22,5,149971.88147622527,118649.84673718506,173.9097063239771,403080.2490272986,361109.8703898933,486.0605459725359,221904.172828604,176570.07875712862,240.19534594995173,394501.7013511655,307839.7571357492,465.2094383152058,99811.74528222908,88795.427734375,70.55413096268619,Chronos,99811.74528222908,393.4325,173.9097063239771,70.55413096268619,99811.74528222908,70.55413096268619
550000000,Transferência do Salário-Educação,ARIMA,10033745.281163044,8341620.250137922,54.80632496984399,apenas_positivos,2,12726999.79,9801009.86,35.6601,12973629.79,10128469.92,36.7182,12216861.03,9534408.89,35.3349,MLP,12216861.03,23,5,18165533.398047104,14203969.18431892,50.04969302954832,15538145.40057606,11841614.11894546,40.46408768196309,19845921.794170104,15289822.483308887,52.86895597583704,15487883.01217366,11922904.04901559,41.32946605800127,10683625.299145604,10140536.0,55.76096656095071,Chronos,10683625.299145604,35.3349,41.32946605800127,55.76096656095071,10683625.299145604,55.76096656095071
553004063,Convênio PNATE - PROGRAMA DE APOIO AO TRANSPORTE E - RESOLUÇÃO/CD/FNDE NO. 12/2011,SVR,86318.90346158389,69275.90508563662,96.265376363906,apenas_positivos,1,141119.65,115558.95,164.304,170028.04,145984.68,193.7267,137851.61,117906.32,158.4531,MLP,137851.61,18,4,89240.56412876614,84477.30936620876,100.8161401172217,138936.38700385802,118336.6726034514,154.17185870230426,115391.0006265307,86481.41237669218,48.875896907280826,130945.5344245802,110100.59634766444,144.54612284849816,132125.23975592962,110288.7197265625,57.20330099389965,Ridge,89240.56412876614,158.4531,100.8161401172217,100.8161401172217,89240.56412876614,100.8161401172217
569004491,"Convênio PROGRAMA NACIONAL DE FOMENTO ÀS ESCOLAS D - RESOLUÇÃO Nº 7, DE 03/11/2016",MLP,925803.011105226,744705.0547594912,49.35781689230826,apenas_positivos,1,923621.18,742119.81,49.1482,836966.7,635593.07,40.4704,898471.18,714899.21,47.0425,SVR,836966.7,23,5,1155848.4497146984,1037269.425307725,74.69426780667764,957694.221336082,806033.778193725,55.398210030061215,1216207.4006729217,946584.8540941464,61.07993698432965,868362.0541648777,699431.9781531116,46.835832337121566,1436155.6672588547,1326594.86484375,97.51291279593012,LGBM,868362.0541648777,40.4704,46.835832337121566,46.835832337121566,836966.7,40.4704
569005117,Convênio PROGRAMA EMERGENCIAL DE EDUCAÇÃO CONECTAD - 00025320220001-006905,SVR,5302861.35174023,4509663.631357599,104.58761240878675,apenas_positivos,0,4232320.21,3602719.09,109.8309,6848294.31,6609522.3,179.7228,4669520.28,3543200.05,108.6453,Ridge,4232320.21,16,3,4982106.442286701,3715250.312202447,65.2926767798208,4397838.221561571,3525299.980965512,112.1454773792848,7964113.935239854,6404946.393497936,123.3950539111096,4449813.620221495,3355111.3656786853,107.08872644741494,4273725.616353923,3598344.0416666665,71.44079646457557,Chronos,4273725.616353923,109.8309,112.1454773792848,71.44079646457557,4232320.21,109.8309
600004628,Convênio 00.530.493/0001-71 - PORTARIA Nº 1.792/2012,SVR,1764.3893470536718,1651.9335496755768,9.169952289085264,apenas_positivos,1,62660.99,62657.83,347.0891,78994.62,78929.6,436.846,65717.57,65534.31,362.4678,Ridge,62660.99,23,5,40015.77309419096,39574.7894937118,218.37962737949547,63281.183534284806,60339.85342552197,331.38506336765687,32262.427910912844,31421.948468761217,173.13097727818322,52254.02842703038,48199.406892412495,264.46281570963004,6378.211387422128,3446.74453125,19.51594297200671,Chronos,6378.211387422128,347.0891,173.13097727818322,19.51594297200671,6378.211387422128,19.51594297200671
605000000,Assistência financeira da União destinada à complementação ao pagamento dos pisos salariais para profissionais da enfermagem,SVR,6428986.190527687,5745034.404914752,16.27831480018922,apenas_positivos,1,11836195.22,10119247.01,31.2638,20440022.64,19424489.32,57.5858,12546498.12,11137317.3,34.01,Ridge,11836195.22,17,4,6350100.262929485,4676389.662650863,11.470962478428218,10605146.851599544,10124150.0388687,30.023509875762656,7320196.469900125,5541774.956914132,15.54512372397357,18336096.369159862,18092089.75774624,52.06137911203284,5759015.533456131,4641862.5,12.42993967555122,Chronos,5759015.533456131,31.2638,11.470962478428218,12.42993967555122,5759015.533456131,12.42993967555122
660002527,Convênio BLOCO DE FINANCIAMENTO  DA PROTEÇÃO SOCIA - BLOCO DE FINANCIAMENTO - PSEMC,LR,278422.47271192406,257591.68598898643,4851522.12957296,apenas_positivos,1,272751.43,246480.78,4420444.4512,305493.15,266663.91,4884422.1898,289094.6,252944.38,4713538.9465,Ridge,272751.43,19,4,210597.80267141963,204360.2776420362,3286722.374020384,277540.09393420897,238751.98341096565,4436244.391917477,181845.2461671026,176577.62057726475,2974392.4570144047,305271.4942433589,265182.5409789529,4564941.386455576,215016.4985470139,206002.12539064884,3374561.425264811,MLP,181845.2461671026,4420444.4512,2974392.4570144047,2974392.4570144047,181845.2461671026,2974392.4570144047
700005391,Convênio IMPLEMENTAÇÃO DE CENTRAL DE ATENDIMENTO A -,ARIMA,7199.794542566664,5021.129422600294,12.753750258731674,apenas_positivos,1,13086.74,9043.27,22.8607,11554.94,7514.44,18.4926,12689.52,8183.51,19.7168,SVR,11554.94,12,3,18736.16688496085,16982.304299283784,51.34669596269696,16813.13116416738,13427.070982936411,37.28084364971257,20678.73956483972,18999.546285964952,58.246447210149775,19096.31313652637,15417.57883094725,43.0951743575431,15833.316309846072,15088.37109375,47.5261792657255,Chronos,15833.316309846072,18.4926,37.28084364971257,47.5261792657255,11554.94,18.4926
711080000,Demais Transferências Obrigatórias não Decorrentes de Repartições de Receitas - LEI FEDERAL Nº 9.615/1998 (LEI PELÉ),SVR,865506.8815522534,683237.4922733881,285.6738340874601,apenas_positivos,0,522231.68,446856.54,214.694,367988.47,320308.34,96.2488,570185.12,455669.24,272.5001,SVR,367988.47,20,4,511891.3739425632,459868.617188474,156.46319012007467,355812.8893571305,330516.7180312243,144.5785281043006,532833.187560387,456594.9198768867,150.01702600434368,384187.8665338095,368624.5457775428,155.53919630937045,2418476.7417444154,2388995.060546875,1017.537718466474,RF,355812.8893571305,96.2488,144.5785281043006,144.5785281043006,355812.8893571305,144.5785281043006
753000000,Recursos Provenientes de Taxas e Contribuições e Preços Públicos,MLP,32532292.29342711,27820740.479871657,30.51353545242493,apenas_positivos,2,32928838.58,28002419.86,30.4964,33501207.7,28316754.58,30.588,31324783.93,27054121.89,30.1636,MLP,31324783.93,24,6,42046559.06325392,33714759.60244277,34.090607203167274,33199843.932099182,28092104.558667272,30.287634398918527,50516586.52228438,42757281.40908121,45.74459048219624,31206564.151638385,25830152.341408644,27.58055439044383,35453545.66803898,29432936.666666668,31.02828040717892,LGBM,31206564.151638385,30.1636,27.58055439044383,27.58055439044383,31206564.151638385,27.58055439044383
753390601,"Recursos Provenientes de Taxas, Contribuições e Preços Públicos - BOMBEIROS",MLP,2338926.362359158,2007575.7185008072,7.903664889475633,apenas_positivos,2,8702606.66,8377643.04,33.6842,8539245.92,8130598.95,32.5958,7426471.86,7038223.83,28.1595,MLP,7426471.86,24,5,17992723.17168427,17384801.774911072,70.19955532357723,14002127.719144458,13792899.618617494,56.03326318462516,16279464.84243284,15786212.912250128,63.9009431534039,15975380.998355772,15686376.971226316,63.58133973800359,4969091.715701774,4436501.6,17.479659445216132,Chronos,4969091.715701774,28.1595,56.03326318462516,17.479659445216132,4969091.715701774,17.479659445216132
759130401,Recursos vinculados a fundos - FEDC-PE,LR,61262.68433136949,49707.35913158781,38.11647721226474,apenas_positivos,2,89835.17,55444.85,54.1852,79246.41,48877.83,47.6599,85199.52,56866.89,52.298,SVR,79246.41,24,6,66958.0579900756,49634.93743020837,41.152111776410806,77580.12249511962,50691.80293079992,47.7921308939758,77588.99909992803,48333.87068486508,45.11630369977579,84268.84036309303,56032.44343521915,51.99418116175431,75461.04158630787,43451.700520833336,44.49282675650561,Ridge,66958.0579900756,47.6599,41.152111776410806,41.152111776410806,66958.0579900756,41.152111776410806
759480101,Recursos vinculados a fundos - FUNCULTURA - PROJETOS DE PRODUTORES CULTURAIS,SVR,1540957.5403420194,1229587.7904174551,27.727198668460503,apenas_positivos,1,1785257.73,1399698.11,30.6492,1498371.62,1200186.75,27.3291,1727548.53,1361627.98,29.9774,SVR,1498371.62,20,4,3057128.992594793,2866118.001134777,72.11669682480442,1978339.8937941568,1667636.5549011785,38.36026756349704,3260792.777034007,2773096.283270888,65.9744461657493,2463786.7374725165,2182944.4106412986,52.36679126229933,2637085.499778369,2390990.46875,58.52719863581213,RF,1978339.8937941568,27.3291,38.36026756349704,38.36026756349704,1498371.62,27.3291
801000000,Recursos vinculados ao RPPS - Fundo em Repartição (Plano Financeiro),SVR,71654381.69254912,53914763.85101875,24.06815604485817,apenas_positivos,2,33537009.93,27302421.78,12.7675,33413723.57,26309481.17,12.4942,44169164.92,36421278.39,17.0085,SVR,33413723.57,24,6,52069904.84950761,48187010.20961088,20.178062849677847,28346512.449437805,22201694.018606145,10.152319524824623,50568113.705464,39102118.90784408,15.999045243799172,31862689.964060653,27470486.87715516,12.315759489838872,27124470.26547495,21361768.0,9.831345397515882,Chronos,27124470.26547495,12.4942,10.152319524824623,9.831345397515882,27124470.26547495,9.831345397515882
803000000,Recursos vinculados ao Sistema de Proteção Social dos Militares (SPSM),MLP,9294488.102284648,7272681.2719803,27.6364579156209,apenas_positivos,2,8850607.03,6694015.69,25.5904,7567713.56,4655659.42,19.5045,9414645.7,7192961.07,27.6297,SVR,7567713.56,24,6,6942621.690789775,6001334.5534483,18.59979388299074,7075031.135536419,4663506.520608951,18.754203852881364,11962194.79020232,11240194.69866815,34.89777359339727,8475785.138340166,5917390.300049988,23.151486608465657,6172001.603778199,3575326.333333333,15.21440019725053,Chronos,6172001.603778199,19.5045,18.59979388299074,15.21440019725053,6172001.603778199,15.21440019725053
501999001,Outros Recursos não Vinculados - TAXA INSCRIÇÃO SELEÇÃO SIMPLIFICADA OU CONCURSO,SVR,953649.3228234496,777655.2006277476,103217.58540004036,positivos_e_negativos,0,1194384.93,1116525.71,106508.3123,1757205.9,1720202.2,140199.3235,1589354.89,1509066.52,137852.9813,Ridge,1194384.93,14,3,799186.4392985668,637524.4577781786,10281.63338951168,800481.90803349,652920.6443229576,79747.21740292337,1045938.304783166,836284.6637590738,30512.66298413466,708985.9941092513,620535.1043611348,73643.39240679398,1164141.3076135418,1073105.03125,113617.53560165486,LGBM,708985.9941092513,106508.3123,73643.39240679398,73643.39240679398,708985.9941092513,73643.39240679398
759540000,Recursos vinculados a fundos - FDIMPPE,SVR,13696.64465260772,12968.895225003527,83.21165773489638,apenas_positivos,1,28467.95,28099.11,174.1081,32383.39,31788.98,198.3349,28552.39,27916.9,174.9535,Ridge,28467.95,7,3,19698.777710415805,19694.27210594328,117.7056981500795,25994.170539693307,25478.737677083136,159.15507512344888,24698.00858237953,23534.916065131605,148.81753940395336,21750.42698340944,21004.145720561308,133.06564867811105,17135.373318202783,16771.360677083332,104.89439734600332,Chronos,17135.373318202783,174.1081,117.7056981500795,104.89439734600332,17135.373318202783,104.89439734600332
