Codigo,Nome,N_Treino,N_Holdout,Ind_Melhor_Modelo,Ind_RMSE,Ind_MAE,Ind_MAPE,Global_Ridge_RMSE,Global_Ridge_MAE,Global_Ridge_MAPE,Global_Ridge_Params,Global_RF_RMSE,Global_RF_MAE,Global_RF_MAPE,Global_RF_Params,Global_MLP_RMSE,Global_MLP_MAE,Global_MLP_MAPE,Global_MLP_Params,Global_LGBM_RMSE,Global_LGBM_MAE,Global_LGBM_MAPE,Global_LGBM_Params,Global_Melhor_Modelo,Global_Melhor_RMSE,Delta_RMSE_pct,Global_Melhor_MAE,Global_Melhor_MAPE,Global_Chronos_RMSE,Global_Chronos_MAE,Global_Chronos_MAPE
500000000,RECURSOS NÃO VINCULADOS DE IMPOSTOS,70,12,,,,,358532760.73253906,299022036.320982,11.524459568805655,alpha=100.0,382754828.7747876,329491747.13611835,12.967333613007924,n_est=300,339681850.09266967,225645347.00153533,7.98377173660392,"hidden=(100, 50) n_iter=37",286450246.88788724,250164999.65724948,9.822430068198136,n_est=60,LGBM,286450246.88788724,,250164999.65724948,9.822430068198136,359531729.74328053,260717013.33333334,9.439138146619559
500410000,RECURSOS NÃO VINCULADOS DE IMPOSTOS - ISS,70,12,,,,,907401.2929938628,752416.702211127,88.87847276473812,alpha=100.0,883472.2313823779,739213.3525245356,87.77226048599496,n_est=300,966681.964835544,808487.451172574,81.92610374973907,"hidden=(100, 50) n_iter=37",927270.8275914928,734749.1014742592,77.51315901971276,n_est=60,RF,883472.2313823779,,739213.3525245356,87.77226048599496,1157238.5836750972,891372.9322916666,84.91471544218201
500710000,RECURSOS NÃO VINCULADOS DE IMPOSTOS - TRANSF FES,69,12,,,,,11768523.342837429,9210834.03967212,22.04010023295425,alpha=100.0,12404045.883998392,9545067.158546409,23.49843735094336,n_est=300,11741784.194584766,9787351.661313396,23.42106094828844,"hidden=(100, 50) n_iter=37",12051587.4055444,9455181.88080988,20.24232937009365,n_est=60,MLP,11741784.194584766,,9787351.661313396,23.42106094828844,14082948.990769014,10425168.666666666,20.939336769683656
501020001,OUTROS RECURSOS NÃO VINCULADOS - TCE,70,12,,,,,698783.9601190148,556142.9399875416,23.232242698072337,alpha=100.0,633377.2839356181,538295.1612227563,23.2762014522722,n_est=300,1072984.6650239695,862722.7777451957,36.42226548215841,"hidden=(100, 50) n_iter=37",892521.2903983421,741090.2974650884,31.472503000257984,n_est=60,Chronos,237142.92407683376,,190347.8333333333,9.030683729867786,716867.8479494383,567859.3125,23.989662071907688
501130201,RECURSOS PRÓPRIOS DA SECRETARIA EXECUTIVA DE RESSOCIALIZAÇÃO - SERES,27,6,,,,,2347.181591939411,2182.4730841756323,1090.584424412519,alpha=100.0,2147.842583089201,1995.893565183792,997.9078639552408,n_est=300,934.1464286752436,882.637192657778,443.4426836223898,"hidden=(100, 50) n_iter=37",1920.4434594973068,1827.706292169699,918.4738173648848,n_est=60,Chronos,18.02023939289624,,15.990580240885416,8.136697234627638,32.852634725774486,28.536043802897137,13.992853681613179
501140107,OUTROS RECURSOS NÃO VINCULADOS - CONSERVATÓRIO DE MÚSICA,62,12,,,,,45652.64395066613,41351.74030579425,323.5459925123293,alpha=100.0,43466.41897451228,39861.62678617655,312.3802419962027,n_est=300,39805.830208462816,35655.88943713901,331.9307106606352,"hidden=(100, 50) n_iter=37",40722.5831792649,36188.89632046422,262.31869212834533,n_est=60,MLP,39805.830208462816,,35655.88943713901,331.9307106606352,50293.909491501436,25157.908528645832,56.13606731291097
501150003,OUTROS RECURSOS NÃO VINCULADOS - FEEF,70,12,,,,,10223623.523240916,8325707.560601226,17.373631136936105,alpha=100.0,7971012.603784814,6720377.345805827,13.73210669492008,n_est=300,9708980.007116605,7788933.604961957,14.735249786217516,"hidden=(100, 50) n_iter=37",6439380.658173989,5416391.083386471,10.62360792935077,n_est=60,LGBM,6439380.658173989,,5416391.083386471,10.62360792935077,9615297.390026513,7269890.666666667,15.388207729452978
501420341,OUTROS RECURSOS NÃO VINCULADOS - PECONSIG,70,12,,,,,13554.958712255167,11818.560173399856,3.5127181576816624,alpha=100.0,9058.785324884166,8146.129274057336,2.4596716447257827,n_est=300,54168.81764633909,49410.670050156215,14.731114461659567,"hidden=(100, 50) n_iter=37",32101.35138376981,29744.151562182724,8.876364357771456,n_est=60,Chronos,6679.583054184644,,5545.934895833333,1.6928836363457596,28158.104935065847,26715.21875,7.9876451139654705
501560801,OUTROS RECURSOS NÃO VINCULADOS - ARENA PERNAMBUCO,70,12,,,,,175011.6782283736,159571.4265863809,104.6819891768764,alpha=100.0,168669.6676265649,155339.76586930873,98.99900358255746,n_est=300,171481.85924030765,124724.5468347144,69.51069023710514,"hidden=(100, 50) n_iter=37",124749.59824346304,87524.76222678908,57.148622718497485,n_est=60,LGBM,124749.59824346304,,87524.76222678908,57.148622718497485,131086.09721888474,85190.06184895833,42.83927602100774
501560802,OUTROS RECURSOS NÃO VINCULADOS - CAIS DO SERTÃO,59,12,,,,,43378.801096849646,39599.371598080725,65.24523913475423,alpha=100.0,57903.21768691425,51816.31821597578,84.99267351379126,n_est=300,53005.88114240338,45159.72059144236,77.21546410121026,"hidden=(100, 50) n_iter=37",36811.384246777205,30849.065138685968,53.39070049890032,n_est=60,LGBM,36811.384246777205,,30849.065138685968,53.39070049890032,31206.81598857211,25544.29296875,35.883550754379215
501610801,OUTROS RECURSOS NÃO VINCULADOS - MULTAS CPRH,70,12,,,,,244175.4248644065,94712.60752817262,44.10139897396845,alpha=100.0,240184.9052781654,95196.5121008237,50.74433724114332,n_est=300,248976.069425502,97630.93773259822,44.21656161520088,"hidden=(100, 50) n_iter=37",246970.0107826169,98033.0445089538,46.11601006678388,n_est=60,RF,240184.9052781654,,95196.5121008237,50.74433724114332,254432.12194234008,102675.31184895833,41.510153586848446
540000000,TRANSFERÊNCIAS DO FUNDEB - IMPOSTOS E TRANSFERÊNCIAS DE IMPOSTOS,70,12,,,,,41235951.54236028,30953308.769190542,9.185100776177354,alpha=100.0,41116275.946447656,29310190.814590946,8.690611767962334,n_est=300,60583008.323632985,52335727.547446094,16.028925703818146,"hidden=(100, 50) n_iter=37",60866236.61339359,55001672.69756541,16.87596006239583,n_est=60,Chronos,40936410.74432563,,32090170.666666668,9.845375398880062,36772402.58241672,27186653.333333332,8.051138781224386
550000000,TRANSFERÊNCIA DO SALÁRIO-EDUCAÇÃO,70,12,,,,,7676089.062541725,6286245.78389741,24.65636157039109,alpha=100.0,10481459.00153301,9486776.405176695,38.387879300399256,n_est=300,11465400.514811538,10368737.33376784,42.45872545154336,"hidden=(100, 50) n_iter=37",10839606.403995434,9955364.099729648,40.58628108038872,n_est=60,Chronos,6158983.844339368,,3284280.0,12.045711504347912,5377945.574619271,3049362.1666666665,10.73391479873603
552004599,CONVÊNIO PNAE - MERENDA ESCOLAR 2 -,60,12,,,,,21071.79282018325,19583.878497610345,78510.58484832912,alpha=100.0,18493.078535147004,14396.374755171268,51918.13857317021,n_est=300,19261.53060713784,17481.27451692386,67342.67458580733,"hidden=(100, 50) n_iter=37",9142.28083738703,8383.531625461912,32793.80135994047,n_est=60,Chronos,37.23115639530975,,24.959131439526875,82.97779207897258,53.94079149592337,41.98036662737528,70.48182728647772
569003619,CONVÊNIO PAR BRASIL PROFISSIONALIZADO INFRAESTRUTU -,69,12,,,,,13342.690811781384,11049.654637847978,10.625923234305375,alpha=100.0,9630.17193858522,8049.868908129288,7.578684641026466,n_est=300,27194.99034884621,20174.473238100065,18.120421796346488,"hidden=(100, 50) n_iter=37",18733.325941464285,14639.06035695262,13.45061813746897,n_est=60,Chronos,9429.711702109558,,8259.408854166666,8.435335446726368,26499.721676076726,22289.630859375,20.65627156017481
569003863,CONVÊNIO PAC 2 CONSTRUÇÃO DE QUADRAS I - PAC 2442/2011,68,12,,,,,40682.52890285669,19096.60486733718,38.14364115931544,alpha=100.0,42171.17061149072,19433.766998347382,40.514146516295895,n_est=300,35704.642301724045,21761.158769281246,37.75768763205497,"hidden=(100, 50) n_iter=37",39085.967775316094,19681.619014214742,38.5640756741183,n_est=60,Chronos,32458.566805891154,,16677.631998697918,41.70585976822407,37918.74938765863,22871.932942708332,41.39356027956073
569003913,CONVÊNIO PAC 2 CONSTRUÇÃO DE QUADRAS II - 3583/2011,69,12,,,,,5949.206334240164,4168.01823466704,44.410462511248,alpha=100.0,5473.587304159511,3538.275561600705,41.59167233453824,n_est=300,7616.684367152146,6096.206106586956,52.603719761309605,"hidden=(100, 50) n_iter=37",6759.671210554046,5281.3844012045365,47.4507807557259,n_est=60,RF,5473.587304159511,,3538.275561600705,41.59167233453824,7234.852360824461,5697.28466796875,47.848795702379626
569004243,CONVÊNIO PAR TERMO DE COMPROMISSO BRASIL PROFISSIO -,69,12,,,,,820.4984524630464,711.0126967631805,9.49891380926882,alpha=100.0,947.853673282818,868.5615405163567,12.5773194122457,n_est=300,1034.4840676696251,762.9662493460083,9.509707943304308,"hidden=(100, 50) n_iter=37",1195.5575021483578,1021.5039078798112,14.588129115214093,n_est=60,Chronos,732.0455046165667,,605.6436767578125,8.100444879545227,2565.3056314614046,2184.8988444010415,26.656193120136155
569004544,CONVÊNIO PROGRAMA BRASIL ALFABETIZADO III - RESOLU - PROGRAMA BRASIL ALFABETIZADO,69,12,,,,,15232.045274011623,11451.44204493936,12.160195433663915,alpha=100.0,13417.857208129946,10596.575354733392,10.957488212426153,n_est=300,31394.697437801577,20032.146033413537,18.319327685931608,"hidden=(100, 50) n_iter=37",18581.243148933307,11539.011287789464,10.740083800732506,n_est=60,RF,13417.857208129946,,10596.575354733392,10.957488212426153,23088.436017006003,15465.350911458334,14.411270783709682
569004596,CONVÊNIO PAR TERMO DE COMPROMISSO - ROBÓTICA - 1007/2017,69,12,,,,,3022.585288092404,3002.1787938148955,36.572394068008336,alpha=100.0,2681.253732391715,2331.513467463575,26.06662796949098,n_est=300,3303.6864474888685,2927.0822214237887,34.07608080184153,"hidden=(100, 50) n_iter=37",5350.348140399308,5007.297891683526,58.39865821115387,n_est=60,Chronos,767.0065444001128,,637.7703857421875,7.65744213254322,2706.6417408761704,2314.673136393229,25.361378574178005
569004611,CONVÊNIO PAR TERMO DE COMPROMISSO - 99-3 / 2018 BN - 99-3 / 2018,69,12,,,,,5096.02731955234,4646.696455537795,195.89613018977025,alpha=100.0,5421.715467233923,4522.398979477161,201.931192048175,n_est=300,4648.016971313636,3753.05429319092,171.6813095288825,"hidden=(100, 50) n_iter=37",5173.533973826425,4515.748967708702,196.16753871117567,n_est=60,Chronos,786.1147309581894,,529.571299235026,22.267441081903463,1140.2762619557882,1017.4632771809896,42.98814232886944
569005039,CONVÊNIO PAR TERMO DE COMPROMISSO - EMENDA PARLAME - 3832-3/2021,23,5,,,,,4.693769173438839,4.41786513815256,15.803627268418104,alpha=100.0,5.105704552795237,4.737042445445299,16.89756756700035,n_est=300,5.078280496728979,4.529121631393403,16.048740562772394,"hidden=(100, 50) n_iter=37",4.945750721898215,4.635963481300131,16.56967839414647,n_est=60,Chronos,2.377503406805285,,1.98801383972168,7.160072469864996,4.27291583650234,3.8118480682373046,13.496198834255562
570003601,CONVÊNIO ARQUIVO PÚBLICO - 9209042/2010,61,12,,,,,342.491696422429,301.58567538275645,9.35640774059834,alpha=100.0,174.9737385026112,134.66778535003337,4.292267231827709,n_est=300,645.2117162851865,436.01099600941296,11.772903557469323,"hidden=(100, 50) n_iter=37",553.8307650971223,477.09437718018506,14.62636212833667,n_est=60,RF,174.9737385026112,,134.66778535003337,4.292267231827709,1059.180386959792,876.5016072591146,24.149098257762223
600002083,CONVÊNIO PROGRAMA EXTRA TETO PÓLIO - PORTARIA Nº 1045/04,57,12,,,,,32.96298135079471,29.7672188360721,29.59292514565483,alpha=100.0,36.09474885043755,34.380137333735824,35.86657578395081,n_est=300,33.84484983695808,31.26426526953045,32.35402511962218,"hidden=(100, 50) n_iter=37",37.76886677511969,35.15808824176169,36.18213379895145,n_est=60,Ridge,32.96298135079471,,29.7672188360721,29.59292514565483,39.711711796398426,22.98167355855306,17.38599835543436
600002199,CONVÊNIO PROGRAMA AGENTES COMUNITÁRIOS DE SAÚDE -  - PORTARIA Nº 2.474/04,52,12,,,,,255.4148937980437,241.694914415564,923.1312958668198,alpha=100.0,269.8037622664466,224.7211093142138,789.4552432801477,n_est=300,178.8949959822733,152.54775498019532,549.0779262284038,"hidden=(100, 50) n_iter=37",192.9659967606372,149.10770022753766,518.6141013632994,n_est=60,Chronos,11.122064090764097,,6.294082323710124,17.26400144605765,14.036653177415706,10.050708770751953,29.737677741575546
600002345,CONVÊNIO PROGRAMA EXTRA TETO IDOSO/2006 - PORTARIA Nº 1.343/2006,47,11,,,,,3314.6280668317468,3089.725142622586,308.5964726254385,alpha=100.0,3205.2026307809942,2579.827602473059,260.18500587690704,n_est=300,863.2225429060145,694.6037218636851,75.01195980042671,"hidden=(100, 50) n_iter=37",2027.1023110251165,1548.7703426754458,160.75807304733826,n_est=60,Chronos,506.7466760315692,,299.5503595525568,19.082471107387576,524.885004057396,345.52930242365056,23.59382317690704
600003885,CONVÊNIO PVVPS - PORTARIA Nº 2.849/2011,31,7,,,,,1158.497003216852,1101.436029250001,1282341.9523469862,alpha=100.0,39.578864413559664,31.57795927299011,37789.35154093264,n_est=300,191.2955981483705,188.2166200958184,227066.8489776416,"hidden=(100, 50) n_iter=37",684.2287198051415,558.1774565476911,644941.9196908888,n_est=60,Chronos,0.0389644485738993,,0.0257881124104772,26.9475684161273,0.052503675041328225,0.0511349013873509,63.9318431241618
600003904,CONVÊNIO VIGILÂNCIA EM SAÚDE - FINLACEN-VISA - PORTARIA MS Nº 2.982/2011,70,12,,,,,746.3179720042662,658.3782636537691,9.531388944126896,alpha=100.0,369.8388530706662,310.4757247776185,4.591963868614365,n_est=300,1312.954878784681,1077.242293834147,15.379605125029268,"hidden=(100, 50) n_iter=37",1349.7478306878495,1231.215230581922,17.857337876730664,n_est=60,RF,369.8388530706662,,310.4757247776185,4.591963868614365,1255.311054997186,1112.8839111328125,16.032694338391558
600004296,CONVÊNIO PROFAPS - PORTARIAS Nº 3189,48,12,,,,,6276.494607918312,5956.52541274362,55.82337693841971,alpha=100.0,9481.324514659638,8500.137160119184,83.91960720684428,n_est=300,4012.264034652796,2698.137433799562,19.65535321008328,"hidden=(100, 50) n_iter=37",5197.632370493237,5017.841113885787,44.97122852639825,n_est=60,MLP,4012.264034652796,,2698.137433799562,19.65535321008328,7005.78881842803,5583.770426432292,43.354747126314294
600004310,CONVÊNIO SES/PE PNA-CNCDO (CENTRAL DE TRANSPLANTE) - PORTARIA MS Nº 207/14,50,12,,,,,13060.352864043747,12275.18158743812,35627.216078235986,alpha=100.0,12278.326362600694,10352.867744656349,28434.91784831835,n_est=300,7104.285376805171,5615.143871260389,15546.654967769737,"hidden=(100, 50) n_iter=37",11643.410387038277,9952.868794640892,27548.48718170507,n_est=60,Chronos,19.44303647571228,,15.467971801757812,53.02237317060173,33.99700989238354,33.492499669392906,100.0
600004435,CONVÊNIO PROGRAMA FINLACEN -,70,12,,,,,22755.806520313865,21782.93403135028,1210.557625447335,alpha=100.0,13604.85559542456,10283.448945109834,511.0934614558899,n_est=300,22957.05100746817,20340.53221089396,1063.9448323244824,"hidden=(100, 50) n_iter=37",3301.172539285659,3141.1160895287626,187.4704462161453,n_est=60,Chronos,1272.0540118349534,,701.1724955240885,25.503217119038663,798.0768466125757,526.2789916992188,20.599273350751087
600004439,CONVÊNIO PRÓ-RESIDÊNCIA MÉDICA - PORTARIA Nº 961/2015,62,12,,,,,123942.9755321968,60466.46235510241,263.5464694540176,alpha=100.0,125634.00565928013,62250.037694624974,265.284281464571,n_est=300,139249.30993974267,75497.77554219919,175.92063435205682,"hidden=(100, 50) n_iter=37",131383.06654161174,65615.61184936465,235.359125094111,n_est=60,Ridge,123942.9755321968,,60466.46235510241,263.5464694540176,135721.9918231207,71584.35970052083,196.24916594118665
600004441,CONVÊNIO FN-SUS/MICROCEFALIA/LACEN-PE - PORT. INTERM. Nº 405/2016,70,12,,,,,759.013602493331,672.2786684917841,9.365449465752246,alpha=100.0,358.66725268432833,288.3487238121291,4.027905903356834,n_est=300,1377.160139602456,1152.5313769369557,15.927670275979525,"hidden=(100, 50) n_iter=37",1192.7665182949304,1063.0879759015186,14.808489175308493,n_est=60,RF,358.66725268432833,,288.3487238121291,4.027905903356834,1461.4207910663595,1322.3308512369792,18.468655672813398
600004626,CONVÊNIO FNS  A I D S ( VIGILÂNCIA EM SAÚDE ) - PORTARIA Nº 3.276/2013,62,12,,,,,558399.5031228286,230483.5817924428,26.901935423843423,alpha=100.0,564005.1044867771,220327.60675369567,21.594435370861408,n_est=300,599852.1726049804,309437.836538537,43.758880953551625,"hidden=(100, 50) n_iter=37",549352.5973228149,228217.18166379936,26.82382646401008,n_est=60,LGBM,549352.5973228149,,228217.18166379936,26.82382646401008,599706.7767282194,300842.2174479167,40.41145312740178
600004629,CONVÊNIO SES/PE PNA-CNCDO (CENTRAL DE TRANSPLANTE) - PORTARIA MS Nº 207/14,61,12,,,,,30508.105214502288,29642.36343176382,55.771918189468174,alpha=100.0,34316.92679756651,32141.78156256059,61.531499761244135,n_est=300,18885.135828763552,11957.926021048925,16.58285583489161,"hidden=(100, 50) n_iter=37",27899.78893668025,27143.59844177068,50.98883259042962,n_est=60,MLP,18885.135828763552,,11957.926021048925,16.58285583489161,18892.79946331092,13303.4970703125,19.46079166666667
600005130,CONVÊNIO CUSTEIO DA MÉDIA E ALTA COMPLEXIDADE (MAC - PORTARIA 749 DE 06/04/2022,24,5,,,,,527.7105130433766,478.0468674736209,104.5925365474116,alpha=100.0,481.8375054519171,420.3003604679661,88.86951729251817,n_est=300,254.39855525236368,196.40252012373048,32.939072786099715,"hidden=(100, 50) n_iter=37",411.9584688496845,349.3639184875084,69.9690298793602,n_est=60,Chronos,151.52351327963555,,90.624365234375,8.432313525651733,190.88688567725077,121.62669677734375,13.915853163047545
600005160,CONVÊNIO CUSTEIO DA MÉDIA E ALTA COMPLEXIDADE (MAC - PORTARIA 748 DE 06/04/2022,24,6,,,,,14125.559570725323,13089.611909933812,106.14343579168396,alpha=100.0,12806.70974379419,11256.870102401104,85.85360769010543,n_est=300,10173.773471030663,8659.647707677015,61.25740473016504,"hidden=(100, 50) n_iter=37",11705.257188760705,10436.672422296602,81.17662281346,n_est=60,Chronos,3865.317114319454,,2073.471028645833,6.216613734201933,4565.074722922576,2536.0709635416665,8.547639319675715
600530001,FUNDO DE AÇÕES ESTRATÉGICAS E COMPENSAÇÃO (FAEC),46,11,,,,,20763472.106725726,14338949.135805212,279.7470196903667,alpha=100.0,22374750.98041768,15637613.924951212,317.7822186504781,n_est=300,22437412.763414297,16239263.66562323,283.79752101777586,"hidden=(100, 50) n_iter=37",21847080.084646925,14510980.606206566,253.6588374651677,n_est=60,Ridge,20763472.106725726,,14338949.135805212,279.7470196903667,23382439.78583286,17081968.079545453,305.27267293308387
601000000,TRANSFERÊNCIAS FUNDO A FUNDO DE RECURSOS DO SUS PROVENIENTES DO GOVERNO FEDERAL - BLOCO DE ESTRUTURAÇÃO DA REDE DE SERVIÇOS PÚBLICOS DE SAÚDE,36,9,,,,,560375.5638495978,429284.16260885366,540872.8791423077,alpha=100.0,574097.1210814225,469792.7295489665,410743.43612163904,n_est=300,666743.1199139262,569800.8447039832,394603.4590107149,"hidden=(100, 50) n_iter=37",646597.3227095999,562248.0755218336,389293.8410587511,n_est=60,Ridge,560375.5638495978,,429284.16260885366,540872.8791423077,581622.1950639907,483208.76201396517,387321.1881929859
601003950,CONVÊNIO COMPRA DE EQUIP. PARA O HOSPITAL FERNANDE - PORTARIA Nº 3.293/2011,48,12,,,,,15.48242461540886,14.54276227753366,1668.2101996927431,alpha=100.0,7.239653884319147,5.319449566593552,593.7538552711542,n_est=300,11.26170587149356,9.05533388080648,1005.4061844522912,"hidden=(100, 50) n_iter=37",0.6549122881332724,0.5231804092428668,69.14825943161902,n_est=60,Chronos,0.4014722329705566,,0.2318874398867289,21.22754569308056,0.40690871708658927,0.23888558646043143,18.192731181861774
601003980,CONVÊNIO CONSTRUÇÃO DO LACEN - PORTARIA Nº 2.754/2012,58,12,,,,,40065.7718670566,36216.12192973099,21.20596304534485,alpha=100.0,31259.80531493528,28478.29340748758,16.567822430727727,n_est=300,53300.74318565725,46002.64594771353,26.121702627766098,"hidden=(100, 50) n_iter=37",54216.6959079142,48561.09778060714,27.87460201476096,n_est=60,Chronos,19271.91439122008,,15259.854817708334,9.217475306714473,52617.33902021488,46899.803385416664,26.834942762425147
601004021,CONVÊNIO BLOCO DE INVESTIMENTO - HOSPAM - PORTARIA Nº 2.497/2012,50,12,,,,,120.4673682487556,115.22300617529424,48.12442040557961,alpha=100.0,152.08830069440015,139.48986057512866,57.930633964350086,n_est=300,95.98272958226752,78.5047008771438,30.29854325531612,"hidden=(100, 50) n_iter=37",124.6002886722048,110.55457547746616,44.6182563518612,n_est=60,Chronos,93.907941017158,,45.01844024658203,16.488497150626582,71.72499962598397,38.63646697998047,12.553361916412642
601004022,CONVÊNIO BLOCO DE INVESTIMENTO - AFOGADOS DA INGAZ - PORTARIA Nº 2.497/2012,52,12,,,,,91.6566168117133,86.28329328396552,42.50368421345881,alpha=100.0,122.54704296951726,112.86595361629728,56.02573185154759,n_est=300,78.34329249304693,65.9998221266157,30.96793882910662,"hidden=(100, 50) n_iter=37",100.95601211957596,91.83483473842864,44.882873782145616,n_est=60,Chronos,78.29116863440066,,37.32326380411784,16.27687808486811,60.15615027391782,32.16920852661133,12.43509135798967
601004193,CONVÊNIO AQUISIÇÃO DE EQUIPAMENTOS - PAULISTA/PE -,53,12,,,,,5994.536559186261,5593.416721321598,407.5351480482914,alpha=100.0,6695.906051640518,6065.844927105961,454.91255937583554,n_est=300,6641.361976142135,6010.103758122322,450.9555549282268,"hidden=(100, 50) n_iter=37",7316.822232810188,6748.82066707883,494.9241069508912,n_est=60,Chronos,1760.1762112965591,,745.595225016276,23.77463815094195,2231.1170877351583,1820.4708557128906,117.85922190054143
601004309,CONVÊNIO HBC - EQUIPAMENTO AMBIÊNCIA DOS SERVIÇOS  - PORTARIA Nº 2.151/2014,57,12,,,,,72.8473584031333,70.10605723533781,18.31548971186273,alpha=100.0,174.64974650839332,172.45877552693184,42.55686458808501,n_est=300,140.59975409543728,122.05597298281634,29.096801557437573,"hidden=(100, 50) n_iter=37",138.39915277774313,124.86875895603426,33.24896365785771,n_est=60,Chronos,41.23280665860786,,35.16605885823568,8.495585161793727,128.19684169579128,108.37188212076823,24.284347853932367
602000000,TRANSFERÊNCIAS FUNDO A FUNDO DE RECURSOS DO SUS PROVENIENTES DO GOVERNO FEDERAL - BLOCO DE MANUTENÇÃO DAS AÇÕES E SERVIÇOS PÚBLICOS DE SAÚDE – RECURSOS DESTINADOS AO ENFRENTAMENTO DA COVID-19 NO BOJO DA AÇÃO 21C0.,45,11,,,,,45715705.61284854,43248077.88738477,177455.45034167453,alpha=100.0,32044910.302239534,24758536.755998675,80721.13247404285,n_est=300,43651482.33615697,35239801.179627225,120828.6530546714,"hidden=(100, 50) n_iter=37",19126643.58130605,17155842.50954025,65775.37698724236,n_est=60,Chronos,1956073.1412623,,618954.7852450284,71.49105252686726,1963291.422635955,628125.7232776989,100.0
631002150,CONVÊNIO FORTALECIMENTO DO LACEN - 3686/04,47,11,,,,,30.51541574068237,29.55374637201093,67.48761596390386,alpha=100.0,35.67960891651963,32.709575526283174,73.15364430500428,n_est=300,35.03994679461844,33.34128088457399,75.4128950913773,"hidden=(100, 50) n_iter=37",33.73860732577589,32.316964288741545,73.94863835218156,n_est=60,Chronos,11.382832894334737,,5.946350791237571,10.63363244066382,12.976923835305268,9.198247389359908,17.794701672851172
631003992,CONVÊNIO REFORMA DA ESTRUTURA FÍSICA DO SETOR DE H - 778768/12,54,12,,,,,84.22507593062784,81.66843435775273,27.79480619065991,alpha=100.0,151.84479301509717,145.26994008166807,49.1013589053179,n_est=300,137.69422741054245,124.59695691266737,41.64628383691208,"hidden=(100, 50) n_iter=37",110.7075467304838,105.75514213812852,36.895348515218735,n_est=60,Chronos,12.80623573400746,,8.783742268880209,2.988383815099477,41.754503146848606,35.673258463541664,11.705202094858658
631003993,CONVÊNIO REFORMA DAS SALAS DE CIRURGIA DE ALTA FRE - 780883/12,56,12,,,,,0.3509945633516317,0.2613650609751617,22.678116122591767,alpha=100.0,0.4092474161655572,0.3667550452984131,35.43962531360832,n_est=300,0.3545976820917727,0.1907072803179363,14.198024100699303,"hidden=(100, 50) n_iter=37",0.3231278259506707,0.2471357570465119,22.365063911913595,n_est=60,LGBM,0.3231278259506707,,0.2471357570465119,22.365063911913595,0.5067740502165682,0.412210871775945,37.1297776067413
631003994,CONVÊNIO REFORMA DA EMERGÊNCIA CARDIOLÓGICA DO HOS - 780949/12,53,12,,,,,466.65312896566826,420.0137166624978,245.4397351861989,alpha=100.0,518.1299916650328,434.3345028726415,250.2604490840455,n_est=300,504.5992902681363,422.2372694976648,243.7171130836868,"hidden=(100, 50) n_iter=37",417.73419719695744,347.39920939818893,196.5246526059323,n_est=60,Chronos,96.49366240248924,,44.204088846842446,13.838541566772466,101.33770521089293,61.68041483561198,23.742993274297188
631004005,CONVÊNIO HGA - CONSTRUÇÃO CENTRO DE REFERÊNCIA EM  - 758070,54,12,,,,,5214.438976940615,4953.6152995355815,159.51324185150034,alpha=100.0,5381.106999920806,4913.978354125729,158.22243593357425,n_est=300,8353.296036762635,7803.472531103299,249.0575918369261,"hidden=(100, 50) n_iter=37",4806.6166235480105,4373.891580310895,141.13356399670823,n_est=60,Chronos,833.1318182669588,,379.8267415364583,9.111306028305572,990.2510909464527,692.7286783854166,18.667243466757096
631004542,CONVÊNIO 836305/2016-AQUISIÇÃO DE EQUIP E MAT PERM - 836305/2016,37,9,,,,,5175.754754647084,2814.849669749801,35.031416545688266,alpha=100.0,5194.915805966035,2811.9997543735685,35.31870423882849,n_est=300,5236.565018365751,2805.3195782641687,33.71502837919989,"hidden=(100, 50) n_iter=37",5297.80687823435,2849.6351273242344,35.98973909237601,n_est=60,Ridge,5175.754754647084,,2814.849669749801,35.031416545688266,6423.324901860703,4248.465277777777,61.051402828919635
660003929,CONVÊNIO CAPACITA SUAS 2012 - BLOCO DE FINANCIAMEN -,67,12,,,,,41663.443112078,16202.58925077076,4969.878452208631,alpha=100.0,41370.06337726423,17060.408280773903,5802.857442324003,n_est=300,41723.65481881009,17507.977672639197,5849.965865206042,"hidden=(100, 50) n_iter=37",41371.67087297963,16617.30283272836,5412.038866479122,n_est=60,RF,41370.06337726423,,17060.408280773903,5802.857442324003,42413.60239932064,12855.964833498001,1703.7621691122422
660004127,CONVÊNIO CONTRATO Nº 0328822-77/2010/MDS/CAIXA/SED - CONTRATO Nº 0328822-77/2010,67,12,,,,,3982.31784363838,1870.071350077299,11.48605041515502,alpha=100.0,3949.606355619964,1748.3560103295845,9.682541204045174,n_est=300,3969.243795985317,1878.04635386552,11.344970215417806,"hidden=(100, 50) n_iter=37",4132.41033603677,2179.6945732721024,16.059681346015793,n_est=60,RF,3949.606355619964,,1748.3560103295845,9.682541204045174,4191.18225697259,2249.1053873697915,17.341012419586345
660004249,CONVÊNIO PROGRAMA DE ERRADICAÇÃO DO TRABALHO INFAN -,69,12,,,,,101.15295354160108,84.91136271308143,1932.258953658188,alpha=100.0,160.8478338747813,146.07672806085887,3404.2085837085074,n_est=300,117.2447483648387,95.21744637274412,2142.0590474008504,"hidden=(100, 50) n_iter=37",162.1806269262931,148.33188189593287,3476.1511942447705,n_est=60,Chronos,0.3860429531155276,,0.3034287492434184,7.191261695132413,0.9083242456243552,0.7301323811213175,16.450726293195224
660004647,CONVÊNIO SIGTV-PCF4 -SISTEMA DE GESTÃO DE TRANSFER -,69,12,,,,,13.807361262441866,11.151323570403656,13.778954763644974,alpha=100.0,11.68189091300678,10.244929280161893,12.89242849703593,n_est=300,13.459742001390914,9.982852028546024,11.94273018094822,"hidden=(100, 50) n_iter=37",20.18484342115828,16.82783352951129,20.699151022994347,n_est=60,Chronos,6.4277243380704805,,5.414171536763509,7.20309395858218,20.86492667353942,17.339706103007,21.30171631495209
660004678,CONVÊNIO ESTRUTURAÇÃO DA REDE DE SERVIÇOS DE PROTE -,61,12,,,,,1967.377220079445,945.7144798743312,44.42169911811438,alpha=100.0,1961.943991148138,982.4691957674052,48.76303979342378,n_est=300,1924.034810663964,1075.8073871267673,61.10355115482011,"hidden=(100, 50) n_iter=37",1951.921851687081,926.0432759372692,41.34061579000012,n_est=60,MLP,1924.034810663964,,1075.8073871267673,61.10355115482011,2038.6559216295504,733.8445027669271,17.979166436291514
665004515,CONVÊNIO CONVÊNIO DE COOPERAÇÃO TÉCNICA E FINANCEI -,63,12,,,,,391.67503860068615,170.56868862008494,20.059067722704267,alpha=100.0,393.2692390354132,172.48462763039242,21.408188718595326,n_est=300,398.4580947645622,189.8137891961992,25.96466429035647,"hidden=(100, 50) n_iter=37",413.6682956559602,207.9842044759492,32.165021587050475,n_est=60,Ridge,391.67503860068615,,170.56868862008494,20.059067722704267,416.35411948839135,210.7174504597982,33.09625274337883
700001519,CONVÊNIO DANCING DAYS - C.R.218.771-36/2007,69,12,,,,,29341.27227152576,28065.708540546508,6598.913519376745,alpha=100.0,25715.41180387602,20637.42009885285,2864.968965675438,n_est=300,42697.67606547158,38579.70401390301,7042.985698545524,"hidden=(100, 50) n_iter=37",14882.07920142762,13203.878985505144,2276.8792857913672,n_est=60,Chronos,391.1202818815743,,285.846848487854,182.59118145151817,344.9352392900761,295.0317443211873,177.65283362368268
700001870,CONVÊNIO PINTANDO A LIBERDADE III - MET 048/2002,64,12,,,,,3.5601020085255235,2.838994728642684,12.563528598230858,alpha=100.0,4.067555148793045,3.616929166659126,16.276333822680826,n_est=300,3.66069073186953,2.7291564609761605,11.69730474525465,"hidden=(100, 50) n_iter=37",5.332845336042684,4.465798544659127,19.667341355485203,n_est=60,Chronos,2.095170072613335,,1.7986526489257812,8.613114851043928,6.194245840110625,5.00573976834615,21.734772453930333
700002114,CONVÊNIO FACEPE/FINEP/PAPPE - 3004025900,44,11,,,,,840.3086058327816,782.0096033725888,63.15440579720663,alpha=100.0,778.9407433003636,741.1073349891572,55.86766220276404,n_est=300,694.7854258092441,540.884126573459,42.04614661220407,"hidden=(100, 50) n_iter=37",680.6675199971988,529.0164406981025,40.30552566815184,n_est=60,LGBM,680.6675199971988,,529.0164406981025,40.30552566815184,723.6189688740291,618.5163518732244,47.931168999637194
700003013,CONVÊNIO IPA / MDA MATAS SÃO FRANCISCO - MDA Nº 035/2007,68,12,,,,,109.0811025402548,96.89688288779772,5.382916332417122,alpha=100.0,229.7660278105556,206.0983922987428,11.165474234995916,n_est=300,255.07504895421377,216.22305045236573,11.486607784216195,"hidden=(100, 50) n_iter=37",209.9561874860697,185.66685888367283,9.703325189982596,n_est=60,Ridge,109.0811025402548,,96.89688288779772,5.382916332417122,362.18737076607414,318.19940185546875,16.184712056635732
700003024,CONVÊNIO FINEP - SUBVENÇÂO - 0107071700/2007-FINEP-SUBV.,44,11,,,,,766.6628665001972,713.4039765669421,63.137317592454025,alpha=100.0,710.6729712700916,676.012177938578,55.90080165594811,n_est=300,637.3701464185087,498.2495396004044,42.53217500453855,"hidden=(100, 50) n_iter=37",618.55529828486,466.3095602769341,38.88854690436451,n_est=60,LGBM,618.55529828486,,466.3095602769341,38.88854690436451,681.9203018957161,607.1675636985085,52.159971945890305
700003065,"CONVÊNIO VILA DO GARRANCHO, NO MUNICIPIO DE SALGUE - CR 0233.404-90/07 MIN. CIDADES",61,12,,,,,174.52496703260286,85.21821861216135,133.76929054384598,alpha=100.0,173.32262859192582,80.41285706594688,109.6311637898878,n_est=300,173.26414451967054,86.34931019447816,136.11580846629855,"hidden=(100, 50) n_iter=37",179.58253010073844,86.26389471628228,115.75218876570746,n_est=60,Chronos,170.4228569636925,,79.52228609720866,155.29945826866506,174.78337671914898,82.51928965250652,148.4052476511226
700003113,CONVÊNIO IPA/MCT/ITAPIREMA - 01.0116.00/2007,46,11,,,,,3.883614465914617,3.111346569840976,11.524366517142957,alpha=100.0,2.845337250160379,2.1051102000095097,8.920097887030186,n_est=300,3.6084242748960977,3.3035236059016344,13.249458976087237,"hidden=(100, 50) n_iter=37",6.272128440290592,5.213576279872286,19.09652734245528,n_est=60,RF,2.845337250160379,,2.1051102000095097,8.920097887030186,8.955292779814124,7.7030018893155185,26.843966525438123
700003266,CONVÊNIO INCLUSÃO DIGITAL DA POPULAÇÃO CARCERÁRIA  - MJ Nº 032/2007,62,12,,,,,4.897616922255524,4.143711802573487,9.682357599661028,alpha=100.0,3.923236271341401,3.245452624521191,7.293832556998909,n_est=300,4.170531551417082,3.428881054453216,8.159946471726656,"hidden=(100, 50) n_iter=37",8.686268847134858,6.8864353487709975,14.91753142510637,n_est=60,Chronos,3.765633253453328,,3.213634490966797,7.599829891607494,13.06718600030054,11.042458534240723,23.95325802201759
700003268,CONVÊNIO CAPACITAÇÃO PROFISSIONAL EM ELETRICIDADE  - MJ Nº 048/2007,62,12,,,,,0.3365991113536409,0.2847625921201903,9.705208301196818,alpha=100.0,0.2310218057769123,0.1785220974036717,5.838935790261271,n_est=300,0.2871024143238134,0.236165517562992,8.230084649730077,"hidden=(100, 50) n_iter=37",0.4840639618822827,0.398979198707434,13.06306195445726,n_est=60,RF,0.2310218057769123,,0.1785220974036717,5.838935790261271,0.9566756996099818,0.8140198588371277,25.88389185611763
700003270,CONVÊNIO CAPACITAÇÃO PROFISSIONAL EM CORTE E COSTU - MJ Nº 055/2007,64,12,,,,,4.914717975415651,3.910718691855818,11.26294439228978,alpha=100.0,5.19760069582548,4.594074042396344,13.28704394082522,n_est=300,3.9863436405424566,2.885665330870088,8.10643203860774,"hidden=(100, 50) n_iter=37",6.6272535645817925,4.953019376305196,13.578828480014796,n_est=60,Chronos,3.2261979858810177,,2.7619539896647134,8.74917378325305,10.359768790770271,8.889068285624186,25.33770067239519
700003281,CONVÊNIO CNPQ/FACEPE-PRONEX 2008 - PROG.APOIO A NÚCL EXCELÊCIAS,44,11,,,,,65.21251635648056,60.33162453045904,72.21194393265858,alpha=100.0,61.02294224554483,54.12971801164613,63.3674657992213,n_est=300,55.89076533919999,49.4808754691006,54.439272263061966,"hidden=(100, 50) n_iter=37",53.35047749941473,45.23602511119134,49.24633807209118,n_est=60,LGBM,53.35047749941473,,45.23602511119134,49.24633807209118,56.30149337983749,50.059152429754086,56.29823749342117
700003348,CONVÊNIO TERMO DE COMPROMISSO Nº001/2008 - 001/2008,35,8,,,,,665.546730551789,474.4654239012335,76.16635603636345,alpha=100.0,634.8605488084877,495.6916842306909,81.47784660718496,n_est=300,779.9347349126733,547.7311093810695,93.13480769356018,"hidden=(100, 50) n_iter=37",645.1742603231733,449.54929320118913,68.3576907970957,n_est=60,RF,634.8605488084877,,495.6916842306909,81.47784660718496,736.4141570135457,448.72995376586914,45.952123549372715
700003591,CONVÊNIO CT N° 0264.754-88-2008 QUADRA POLIESPORTI - CT N° 0264.754-88/2008,70,12,,,,,555.0958863060091,473.1879032513101,9.16846910272568,alpha=100.0,1337.8273157556944,1305.2089485730803,24.55434412269323,n_est=300,705.8715311544432,620.2086746655746,11.826646417056615,"hidden=(100, 50) n_iter=37",525.6278374580999,384.2088370043143,7.669174297027376,n_est=60,Chronos,342.0582107718726,,265.8554280598958,4.8825170548047945,874.4160057005494,755.709228515625,13.578456596104404
700003639,CONVÊNIO CONVENIO FACEPE/CNPQ - PPP 2010 - REGISTRO SICONV 739517/2010,43,10,,,,,831.9614472329152,707.8956651694513,44.895907155479854,alpha=100.0,784.5074445675028,653.6265609504339,37.35807331531301,n_est=300,711.3348682674105,438.9076338597592,24.86089417397806,"hidden=(100, 50) n_iter=37",720.7337405720807,463.555715662212,26.20658156636876,n_est=60,MLP,711.3348682674105,,438.9076338597592,24.86089417397806,931.1873744589767,572.6287780761719,25.914751700697725
700003640,CONVÊNIO CONVENIO FACEPE/CNPQ - PRONEM 2010 - 610031/2010,44,11,,,,,1651.6617984249365,1483.7399129526475,215.33355673189,alpha=100.0,1345.4508299152876,1252.6338422339593,158.21168711202793,n_est=300,1536.8744967626244,1339.323444935705,200.7658527634416,"hidden=(100, 50) n_iter=37",1246.396933705535,946.4090553737532,148.9244877175897,n_est=60,LGBM,1246.396933705535,,946.4090553737532,148.9244877175897,1307.2404769532857,1079.7515314275568,157.18749299420537
700003641,CONVÊNIO CONVENIO FACEPE/CNPQ - PRONEX 2010 - REGISTRO SICONV 737440/2010,44,11,,,,,845.9591811250682,787.2678082186832,63.1546367413744,alpha=100.0,777.568440229241,734.2585877311355,54.842111925805206,n_est=300,726.6596940485367,592.2579853900708,46.05291421092263,"hidden=(100, 50) n_iter=37",679.1917070791727,522.0582497550495,39.398263743959774,n_est=60,LGBM,679.1917070791727,,522.0582497550495,39.398263743959774,715.8770821398655,598.5288751775569,45.71112200671655
700003647,CONVÊNIO MULHERES DE TEJUCUPAPO - TC.0301.544-37/2009/MC/CAIXA,70,12,,,,,31667.03329165445,30658.45939686955,127.96057123357372,alpha=100.0,39860.42120683396,34681.431110523896,138.4217055032478,n_est=300,63086.97020638704,57929.63865753399,234.85703837183345,"hidden=(100, 50) n_iter=37",24961.285686887968,23232.96189063357,96.53511396080286,n_est=60,Chronos,3935.0265117370977,,3480.7568359375,15.827756049323682,6179.872282873413,5538.545735677083,22.6094245508948
700003867,CONVÊNIO IMPLANTAÇÃO CENTRO REFERÊNCIA EM DIREITOS - 760720/2011-SICONV/SDH/PR,22,5,,,,,3.2649390038550448,3.262461350626748,350.5916401428886,alpha=100.0,2.819264587867709,2.797925956726705,299.642922762786,n_est=300,2.878318296222342,2.809057026565089,301.94935041782355,"hidden=(100, 50) n_iter=37",2.4334368988514496,2.427639712050913,261.2499451694093,n_est=60,Chronos,0.3647703573795069,,0.3169155001640319,34.88933568199525,0.3959320524473993,0.3546442985534668,38.54411165912022
700003935,CONVÊNIO REFORMA DO PONTO DE CULTURA SITIO DA TRIN -,67,12,,,,,5.907975015402196,3.3538526132502056,12.565907711971782,alpha=100.0,5.424926167408857,2.613468647262336,9.319749462352624,n_est=300,5.837237637397737,3.448761481869443,13.076333910958407,"hidden=(100, 50) n_iter=37",7.141578383241717,5.055469123823867,20.38690652052868,n_est=60,RF,5.424926167408857,,2.613468647262336,9.319749462352624,6.696615901675803,4.3892849286397295,17.212832208724326
700004189,CONVÊNIO CONSTRUÇÃO DA CADEIA PÚBLICA DE ARAÇOIABA - 778008/2012,61,12,,,,,574474.5597327729,548634.3402340239,1489.0695106927772,alpha=100.0,267317.5813203362,192505.7016292188,503.3826593949274,n_est=300,1097672.194651141,1000862.734600566,2688.754996629252,"hidden=(100, 50) n_iter=37",47105.41140609646,40230.69307231943,113.99334028069164,n_est=60,Chronos,2063.941757062912,,1658.2980143229167,4.704794981859512,6156.012259641075,5449.550455729167,14.484587777734854
700004245,CONVÊNIO FORTE DE SANTO ANTÔNIO -,50,12,,,,,714.8214355265596,400.1811569596498,131.2408185535203,alpha=100.0,763.3164785960195,468.4874872646026,164.27288407474202,n_est=300,786.3966339569191,502.3761848791657,187.4521481766833,"hidden=(100, 50) n_iter=37",696.4200395785874,406.8086330731447,135.32842444530965,n_est=60,Chronos,579.7325582744546,,207.9317779541016,31.42567901799728,629.6649619499373,282.5240287780762,72.84816561219215
700004246,CONVÊNIO PAC 313 - FORTE DE SÃO PEDRO DO BOLDRÓ -,50,12,,,,,599.2128863263457,360.5254992764159,170.88561571917683,alpha=100.0,646.6379355625339,423.4970007725125,211.6091174770065,n_est=300,669.6527218486335,452.978551344708,239.56615621614228,"hidden=(100, 50) n_iter=37",592.616784908342,379.4252795299107,185.321302096314,n_est=60,Chronos,457.0436295436688,,166.49271519978842,33.711320302862376,508.33095919494815,242.10464795430502,90.33265788831739
700004288,CONVÊNIO INTERVENÇÃO DO ENTORNO DO TELEFÉRICO NO M -,68,12,,,,,116.7148839310401,98.33659686396162,12.472164258937326,alpha=100.0,72.36454398045048,62.01154316280617,7.912600782586056,n_est=300,100.6433097417371,81.7756994202174,10.277728137705369,"hidden=(100, 50) n_iter=37",197.95290089784265,172.8865089219165,22.07141470841292,n_est=60,Chronos,49.18472142250769,,41.90333048502604,5.7052651040131,185.16843670573846,158.30970255533853,20.070495780394992
700004408,CONVÊNIO PAVIMENTAÇÃO DO ACESSO AO MIRANTE FREI DA -,66,12,,,,,424.3204985393834,386.3469543324434,20.30222748767484,alpha=100.0,344.70882293176595,329.788898808293,17.714621236529258,n_est=300,343.75464224270286,315.384884451347,16.677286015822837,"hidden=(100, 50) n_iter=37",618.4997717914252,579.1040842554838,30.736971203860936,n_est=60,Chronos,127.69432878969162,,105.02811686197916,5.947565459962364,591.8772137170279,531.0810038248698,27.777618051082214
702004197,CONVÊNIO CICLOVIÁRIO DA REGIÃO METROPOLITANA DO RE - PLANO DIRETOR CICLOVIÁRIO,62,12,,,,,159.16282520868478,152.3809195981042,19.75610382325176,alpha=100.0,336.4141577308141,329.5568494769863,39.6357518200289,n_est=300,399.993744230654,362.4163599504584,42.14204930727461,"hidden=(100, 50) n_iter=37",256.2423547582948,226.44283217321745,29.818281180242884,n_est=60,Chronos,83.61956720921683,,71.70479838053386,8.50726156711764,276.15214173124946,236.95134989420572,26.13365411600758
702004226,CONVÊNIO COOPERAÇÃO TÉCNICA DE VIDEO MONITORAMENTO -,66,12,,,,,71.75152727570833,61.87175683978074,7.23394846218597,alpha=100.0,37.6525366325974,28.09946574161632,3.290073055954095,n_est=300,48.7043526165301,42.12040713359303,4.973190511319773,"hidden=(100, 50) n_iter=37",161.30140959296543,145.19003713957397,16.95009324278396,n_est=60,RF,37.6525366325974,,28.09946574161632,3.290073055954095,140.61093317563692,122.42640177408855,14.180234761550986
702004281,CONVÊNIO VIDEOMONITORAMENTO ENTRE A SDS E A PREFEI - CONVÊNIO DE COOP.  08/2014,65,12,,,,,28.980953347676333,25.06794076854408,7.227672817025746,alpha=100.0,22.708301828850743,17.53021402753245,5.058619233525593,n_est=300,23.77983358607346,21.591033914428824,6.338227654281085,"hidden=(100, 50) n_iter=37",58.26432310008656,51.44973832743651,14.7527049108671,n_est=60,RF,22.708301828850743,,17.53021402753245,5.058619233525593,57.817233654491375,51.10394287109375,14.64238262623668
702004749,CONVÊNIO COOPERAÇÃO TÉCNICA ADM. E FINANCEIRA ENTR - CONVÊNIO 009/2019-GGPPE/SDS,56,12,,,,,241876.438702466,213170.72599612284,34265.20251945,alpha=100.0,244999.2054921753,204064.66531316287,31911.63342693417,n_est=300,342675.69460162526,287575.4991361406,44372.88445270895,"hidden=(100, 50) n_iter=37",211460.77656136727,184103.59745336865,29278.151623051224,n_est=60,Chronos,76956.15998201819,,44135.55275090536,1583.9461884589318,88404.90365399804,48635.201694488525,110.9005034996233
702005118,CONVÊNIO CONVÊNIO ENTRE A SDS E A PREFEITURA MUNIC - 009/2021,36,8,,,,,12733.762235837436,12046.154790097566,9658.558185619017,alpha=100.0,172.90997871723636,144.75628954435976,115.92374023760152,n_est=300,5153.378535983008,5106.251181790538,4175.361007470645,"hidden=(100, 50) n_iter=37",133.03045644772362,93.30000469464832,80.24133817483279,n_est=60,Chronos,10.381651960256209,,8.628045082092285,7.228548446409827,9.101436007329404,6.113603591918945,5.3830415920920345
703004276,CONVÊNIO TERMO DE COOPERAÇÃO TÉCNICA-FINANCEIRA Nº - 001/2013,24,5,,,,,0.2184921027532989,0.1362916771205359,9.35315251514058,alpha=100.0,0.2059561028251824,0.126707923042825,8.376262195774876,n_est=300,0.2194933487617278,0.1621309041330874,16.369871957507033,"hidden=(100, 50) n_iter=37",0.2173820328144079,0.1654530737052077,17.637511585430588,n_est=60,RF,0.2059561028251824,,0.126707923042825,8.376262195774876,0.21999055649911525,0.1583901524543762,15.19821449867847
703004277,CONVÊNIO ITEP- BOLSA COMPLEMENTAR 2014 -,44,11,,,,,15.428912725596115,14.364345356922,63.22348114389119,alpha=100.0,13.246044774055637,12.075668330382898,48.00692432078871,n_est=300,13.765282829473014,11.9419136287424,50.83573954936893,"hidden=(100, 50) n_iter=37",12.519562182259978,10.03395341732922,42.38608873451821,n_est=60,LGBM,12.519562182259978,,10.03395341732922,42.38608873451821,13.262275480538266,11.327029141512783,47.910970848702306
703004361,CONVÊNIO FACEPE/PITEC-FIAT -,44,11,,,,,12822.296589020716,4878.893867630025,67.93277539159473,alpha=100.0,12848.217260026531,4804.452485655514,60.06838012656773,n_est=300,12895.230485549351,4682.872799718515,55.70218567295648,"hidden=(100, 50) n_iter=37",12914.612098568145,4486.802527237398,44.72587590376575,n_est=60,Ridge,12822.296589020716,,4878.893867630025,67.93277539159473,12904.503090815791,4606.0349232066765,51.24413758146951
703004500,CONVÊNIO PITEC 4ª RODADA - KURIER TECNOLOGIA EM IN -,44,11,,,,,298.2142622915538,277.8493254906502,63.36640284247,alpha=100.0,275.9116304544228,261.5843803588876,55.870547334784405,n_est=300,269.02601708485133,235.378158471274,52.0999429423677,"hidden=(100, 50) n_iter=37",238.81982232903653,187.7371100636231,40.95582551373294,n_est=60,LGBM,238.81982232903653,,187.7371100636231,40.95582551373294,261.58656343743024,223.96922163529828,49.632456349090894
752000000,RECURSOS VINCULADOS AO TRÂNSITO,70,12,,,,,4221088.014109799,3175243.588935649,165.5107444199702,alpha=100.0,4568891.478560989,3441618.877012987,186.03081535844208,n_est=300,4676318.605741276,3243731.226456824,192.20046211572583,"hidden=(100, 50) n_iter=37",4086215.451593821,3243041.2362501384,173.6394787207404,n_est=60,LGBM,4086215.451593821,,3243041.2362501384,173.6394787207404,5730471.500913748,5071207.307291667,118.15079329531308
753000000,RECURSOS PROVENIENTES DE TAXAS E CONTRIBUIÇÕES E PREÇOS PÚBLICOS,70,12,,,,,48115124.152516045,44684540.64809214,74.97759208214025,alpha=100.0,52760337.51606555,46360730.79922072,77.20731151990475,n_est=300,90289707.07104433,80986233.8145361,136.2041091493437,"hidden=(100, 50) n_iter=37",34154138.95831153,31275782.40450033,52.35066495042198,n_est=60,Chronos,16970317.909831036,,10013735.0,14.384982083565886,11640578.471997458,7197079.333333333,10.074096343961354
753220201,"RECURSOS PROVENIENTES DE TAXAS, CONTRIBUIÇÕES E PREÇOS PÚBLICOS - ADAGRO",70,12,,,,,337636.7580536749,268501.295210503,18.395581994922143,alpha=100.0,372702.3219953011,320229.81879806344,22.511027387196112,n_est=300,410539.6921512788,348913.9372722021,24.464661441310383,"hidden=(100, 50) n_iter=37",428495.9913480668,365128.3507470095,25.6139440830284,n_est=60,Chronos,164482.16205187453,,128876.78125,9.422592103920126,325491.2280255662,259501.58333333334,17.81378041667063
753610801,"RECURSOS PROVENIENTES DE TAXAS, CONTRIBUIÇÕES E PREÇOS PÚBLICOS - MULTAS CPRH",35,8,,,,,133861.4534238945,112050.55621873365,36.60176927599922,alpha=100.0,167132.02639079644,136897.72816629912,40.782216108228624,n_est=300,134561.55942443683,117911.19620705466,40.99557576572532,"hidden=(100, 50) n_iter=37",177080.54551347165,152171.20559802567,43.962689995397874,n_est=60,Ridge,133861.4534238945,,112050.55621873365,36.60176927599922,372163.20407635544,335478.5819091797,86.95281381111761
759150000,RECURSOS VINCULADOS A FUNDOS - FUNDO APERF. TCE,70,12,,,,,190352.7977518165,128635.69048875677,17.38675885716647,alpha=100.0,190692.0990224159,125121.91257724592,16.400867979658354,n_est=300,176802.55177687423,116598.65201524766,15.032542951477618,"hidden=(100, 50) n_iter=37",201228.0253472019,133725.68249062684,16.36736556367944,n_est=60,MLP,176802.55177687423,,116598.65201524766,15.032542951477618,273670.4155400447,199317.3671875,25.00014997222781
759240000,RECURSOS VINCULADOS A FUNDOS - FERM,70,12,,,,,13590448.017646931,10692657.207723867,17.924555939346856,alpha=100.0,15730341.94031034,12501186.192422286,20.874980558190824,n_est=300,15151490.809888143,11706092.2102635,19.42785139422332,"hidden=(100, 50) n_iter=37",18233224.73615006,14442931.502208456,24.09098605549824,n_est=60,Chronos,6280986.09394353,,5236027.333333333,9.5996408184265,10263980.67441614,8641448.333333334,15.617025972365276
759260101,RECURSOS VINCULADOS A FUNDOS - FUNTEC,70,12,,,,,389244.9332123086,211654.7410081793,40.88675020510231,alpha=100.0,406938.302190704,228994.72224038336,44.19500638151113,n_est=300,394834.4245852458,225250.9023835781,43.46876815582565,"hidden=(100, 50) n_iter=37",337139.46057665645,151996.9567985318,27.992797893386022,n_est=60,LGBM,337139.46057665645,,151996.9567985318,27.992797893386022,355874.182357682,155416.45833333334,29.165568772154728
759410301,RECURSOS VINCULADOS A FUNDOS - FUPES,66,12,,,,,43593.10448859434,32050.014871691008,96.15903861442771,alpha=100.0,48281.35532541387,36673.81669773375,101.61442002945768,n_est=300,53854.24164994054,43552.29228100139,115.78911115672211,"hidden=(100, 50) n_iter=37",48951.51814613714,27091.72662714084,51.80126719505645,n_est=60,Ridge,43593.10448859434,,32050.014871691008,96.15903861442771,56411.84627079093,36470.87845865885,75.45526306383731
759460000,RECURSOS VINCULADOS A FUNDOS - FURPE,64,12,,,,,2021321.833072261,1805253.5336825333,50.92944012063077,alpha=100.0,2216339.682294987,1994978.0293309807,54.94854172327695,n_est=300,1926559.694531059,1692326.9972876462,46.581636243068495,"hidden=(100, 50) n_iter=37",1472477.4113337204,1111143.963740284,28.639423329990848,n_est=60,LGBM,1472477.4113337204,,1111143.963740284,28.639423329990848,1516120.0860094123,996760.1666666666,23.254558990904503
759480101,RECURSOS VINCULADOS A FUNDOS - FUNCULTURA - PROJETOS DE PRODUTORES CULTURAIS,69,12,,,,,3447968.28699725,2947863.512432165,2439.110374543768,alpha=100.0,4371798.747334989,3652856.426780268,3176.68883887044,n_est=300,6241709.841703204,5491114.145836474,4462.218079470844,"hidden=(100, 50) n_iter=37",3924668.8566327705,3454414.790328905,2903.883763445376,n_est=60,Chronos,2563037.7187138773,,1293467.6236979167,68.27601247548603,2565434.19127187,1284925.970703125,54.58361355166347
759520000,RECURSOS VINCULADOS A FUNDOS - INOVAR-PE,69,12,,,,,4075663.2535068737,3291890.5049914005,323.0775683322668,alpha=100.0,4363795.390618286,3393277.6959350533,275.8699136895214,n_est=300,4164272.456186933,3025733.845618762,260.2596726949548,"hidden=(100, 50) n_iter=37",3762978.644739114,2987138.6119532897,251.0932065460337,n_est=60,Chronos,3660239.751040836,,2334701.4635416665,65.69750808999564,3692112.580216002,2341464.5755208335,65.03124354383226
759530000,RECURSOS VINCULADOS A FUNDOS - FUNPGE,70,12,,,,,2128250.0856816936,1308335.5047225102,54.1116951507169,alpha=100.0,2106507.273626226,1286039.011863405,52.66777994291281,n_est=300,2081786.0937148049,1286546.6718067066,56.71927969881284,"hidden=(100, 50) n_iter=37",2168743.741202719,1333381.3703478884,51.97874932281543,n_est=60,Chronos,1884628.8637221155,,979317.5442708334,41.690577590877645,2254642.4292662223,1404966.2239583333,55.155156677298535
759540000,RECURSOS VINCULADOS A FUNDOS - FDIMPPE,70,12,,,,,238520.2861182853,123747.32237640064,158.14584285815653,alpha=100.0,239031.3640882469,155928.13434304055,251.52906096882307,n_est=300,246861.69493793245,169553.48558891818,289.6280830530616,"hidden=(100, 50) n_iter=37",230661.2550881937,144663.7116595503,236.30629525793708,n_est=60,LGBM,230661.2550881937,,144663.7116595503,236.30629525793708,234247.56371923242,81890.1123046875,40.08603939173392
759570000,RECURSOS VINCULADOS A FUNDOS - FUNSEG,65,12,,,,,168110.03550428935,131025.83105819272,8.194895699486098,alpha=100.0,136305.89383625615,109778.63768145652,6.936575675348523,n_est=300,175953.49428796663,139861.27257981215,8.7648159003706,"hidden=(100, 50) n_iter=37",305739.4543190564,266121.5200999766,16.72328815237324,n_est=60,Chronos,130660.50676692573,,116394.38541666669,7.645704936924076,170753.21228579938,135435.5,8.733897189630797
759590000,RECURSOS VINCULADOS A FUNDOS - FUNREPOL,58,12,,,,,566224.906876292,270470.123192475,26.143697040144747,alpha=100.0,572805.988773496,298684.2668200968,29.308128112630776,n_est=300,558458.1471046526,292924.85533425066,28.74116329797827,"hidden=(100, 50) n_iter=37",558971.5540347286,332081.70573677256,33.29779836592012,n_est=60,MLP,558458.1471046526,,292924.85533425066,28.74116329797827,560609.8178324959,351517.2083333333,35.76416796987642
761000000,RECURSOS VINCULADOS AO FUNDO DE COMBATE E ERRADICAÇÃO DA POBREZA,70,12,,,,,12165776.87003429,11490384.586894743,41.13921609051188,alpha=100.0,13860482.113162998,12805944.676226934,45.732033899505936,n_est=300,21679034.52835817,19712020.977737788,70.63411573154718,"hidden=(100, 50) n_iter=37",11551043.480995886,10869844.180349564,39.023041946233405,n_est=60,Chronos,5961010.076695755,,3899274.1666666665,12.63514636473911,5599921.115022633,4313791.166666667,13.967405715051168
799012006,CPRH/ S/A PAULISTA,39,9,,,,,131.32636078854208,118.7774553125698,22.072793567970304,alpha=100.0,104.8622577310888,95.39249061079228,17.82069072687624,n_est=300,97.12457337098398,83.19480197264092,15.21723182550622,"hidden=(100, 50) n_iter=37",165.6701971332431,152.10122123839508,28.481089750352616,n_est=60,Chronos,46.93365046870392,,40.36528184678819,7.709491949312783,180.3049052415091,164.5631306966146,30.680863791329475
799012010,CPHR/ PETROQUÍMICASUAPE,61,12,,,,,25027.88386742514,18302.238620345,25.28743971894341,alpha=100.0,22613.456828746213,16695.89749497533,23.53056401196241,n_est=300,20667.74279100275,14330.041668753123,19.514477088164128,"hidden=(100, 50) n_iter=37",27648.328998321645,21479.550565264533,30.48180842742145,n_est=60,Chronos,18896.94084096321,,11746.716796875,16.49304987352849,28466.041896381157,21183.752278645832,29.170540439727176
799012014,CTR IPOJUCA,38,9,,,,,5919.673087116009,5204.050896884375,18.857453369069283,alpha=100.0,7086.525892177348,6612.378724439936,24.635167763911507,n_est=300,4522.139876423909,3858.9564948367897,13.929398390654384,"hidden=(100, 50) n_iter=37",9031.86578709344,8208.173284062419,30.19326316994469,n_est=60,Chronos,3227.716568430977,,3061.964626736112,12.145666867538267,9350.796326735976,8617.821831597223,31.897532870632496
799012015,TCA 001/2015 - CPRH /MIN,63,12,,,,,19451.061845617143,16348.950911336377,26.339014053319392,alpha=100.0,29547.532493961982,22741.73839545604,31.62199278929549,n_est=300,23980.27774509249,18114.357936381995,25.579666394197886,"hidden=(100, 50) n_iter=37",30839.005554202657,25884.932756529688,38.73461613059239,n_est=60,Chronos,16866.70254959427,,10706.573079427084,23.0308142914,17916.177102381538,14603.061360677084,32.447188813622745
799012016,TCA 003/2015 - ECOPESA AMBIENTAL,63,12,,,,,1882.2046226976663,1670.2790602775788,41.5071446089907,alpha=100.0,2225.1974018441706,1983.689684818604,49.422879765450986,n_est=300,2161.3021454298523,1922.4037940064013,47.85202618383777,"hidden=(100, 50) n_iter=37",2453.655722470879,2202.173191140451,55.09598347772583,n_est=60,Chronos,427.24473372813554,,377.0296834309896,10.047145636246848,1382.9598458551047,1189.8397013346355,29.0931076933376
799022006,CPRH/MGRBA,63,12,,,,,1999.5500170376904,1684.7674137694266,23.965577613772663,alpha=100.0,1672.634102327062,1439.1777922887245,20.64355138633695,n_est=300,1645.5074401808988,1384.4660078098168,19.68657219584741,"hidden=(100, 50) n_iter=37",2391.636344374185,2075.8984278502026,29.83405331142336,n_est=60,Chronos,682.715252732613,,570.7691650390625,8.9334933596478,2330.702068048309,1996.3443603515625,28.513658806000013
799022010,CPRH/ SETUR/PE,63,12,,,,,708.2864420869382,597.1124535153684,24.12428774843403,alpha=100.0,598.2697972691143,516.2340395692868,21.052855617633973,n_est=300,586.5539299646933,493.7387088242568,19.94215816591189,"hidden=(100, 50) n_iter=37",813.7134214172123,702.3480042671118,28.58410578470693,n_est=60,Chronos,233.68247417700783,,210.0308532714844,9.1963521079606,827.1726578959016,705.1095275878906,28.546614093302747
799022013,CPRH / L. P. DO PAIVA / COMPESA,62,12,,,,,1304.9086597507196,1099.841364619414,24.062623215961505,alpha=100.0,1094.1315905793558,943.3830686225028,20.826939701573984,n_est=300,1096.6523458164995,923.5684838688504,20.20509886636217,"hidden=(100, 50) n_iter=37",1640.157266830284,1418.6381369697074,31.29070924254741,n_est=60,Chronos,402.56612135561454,,363.3421630859375,8.950808198468469,1485.135880411369,1267.1549479166667,27.824742321519864
799022014,TCA 001 / 2014 - PETROQUÝMICA SUAPE,63,12,,,,,60845.20434582635,54265.00059484771,44.597171847415055,alpha=100.0,75918.13514346154,69358.48626645046,57.83274212597303,n_est=300,76742.774437427,68605.64001133479,56.4958638798611,"hidden=(100, 50) n_iter=37",78285.55559226968,71750.09710123681,59.93293715573863,n_est=60,Chronos,11489.102980171525,,10464.184244791666,9.449250230957668,43216.491380083055,37220.811197916664,30.027345336508105
799022016,TCA 002/2015 - SECID,63,12,,,,,5510.526269004112,4651.148522127572,23.61903747280142,alpha=100.0,4789.712487544689,4266.344778850865,22.22543468305579,n_est=300,4555.805161230692,3907.336206210411,20.017077282056302,"hidden=(100, 50) n_iter=37",7309.53341920434,6550.638533897119,34.164750921874926,n_est=60,Chronos,1815.1640615611889,,1608.7743326822915,9.129341199949677,6099.314758133321,5274.585123697917,27.048314789308087
799032013,CPRH / B. ENG. MARANHÒO / COMPESA,63,12,,,,,3268.445609245529,2766.95097169509,21.292101963922693,alpha=100.0,2652.867739946277,2284.44727957751,17.684481870732082,n_est=300,2457.1486949259984,2101.7759121572453,16.306118163901015,"hidden=(100, 50) n_iter=37",4344.04736545507,3745.240529295943,28.99739817313296,n_est=60,Chronos,1301.1508329410203,,1143.2788899739585,9.810950408787726,3741.2416884061367,3158.0533854166665,24.223919062069875
799042013,CPRH / B. ENG. PEREIRA / COMPESA,63,12,,,,,6535.053833206482,5814.4168889545,43.71075154520869,alpha=100.0,8132.09612255062,7401.687843088527,56.40262066117946,n_est=300,8083.992940322197,7163.9681679567,53.78454223752759,"hidden=(100, 50) n_iter=37",8536.936756244051,7782.389138098183,59.35626020147592,n_est=60,Chronos,1326.3131752939107,,1163.7626139322915,9.53475493939065,4689.495515810247,4081.7196451822915,30.3244304890533
799042016,TCA  027/2016  -  BARRAGEM SERRO AZUL,68,12,,,,,30146.575616950136,26495.85602405008,107.35192053399564,alpha=100.0,32961.267955791365,29716.02150596761,95.607033933661,n_est=300,35731.701613825506,31922.509579918453,104.8865770693699,"hidden=(100, 50) n_iter=37",40306.77023850886,36137.92524565894,98.64303542216572,n_est=60,Chronos,28662.214471124367,,17862.163167317707,121.84212522698164,26702.214939306978,22812.023518880207,113.1899891165298
799052013,CPRH / FIAT,62,12,,,,,13968.472565919756,11811.828534650123,25.297663778862194,alpha=100.0,12504.791692730903,11193.03633086908,24.63926122691994,n_est=300,11179.075617117149,9557.644259003864,20.62788316252698,"hidden=(100, 50) n_iter=37",18251.99578033377,16462.951036820206,36.35456011812949,n_est=60,Chronos,4366.542535271356,,3880.854329427084,9.3185175200226,15154.18956798771,12931.172037760416,27.805572424087927
799052016,TCA  059/2016  -  CTR CARUARU,39,9,,,,,1164.0618512020342,1109.4745755867575,78.67102148087119,alpha=100.0,1296.2962232018644,1126.926399813614,77.35710460843535,n_est=300,2140.012720327588,2009.3705049802263,141.6931098884293,"hidden=(100, 50) n_iter=37",1379.743861969821,1285.3859356767173,90.4922480595816,n_est=60,Chronos,143.44210282254005,,121.838623046875,8.5989538814829,482.4809418776334,437.03245713975696,30.208831106511298
799062013,CPRH / RNEST / PETROBRSSS,64,12,,,,,570443.5527734188,488808.54094634205,22.31838304155925,alpha=100.0,534638.8852587703,483388.6212795296,22.53504402956722,n_est=300,509611.1481994984,436457.5634095389,19.992979965771266,"hidden=(100, 50) n_iter=37",852287.6050805018,771519.3222664307,35.946441537142455,n_est=60,Chronos,226929.33657412248,,198741.75,10.044005801296398,665808.7768783561,572995.7708333334,26.170373840834486
799062016,ATERRO SANITSSRIO DE CARUARU - TCA   063/2016,39,9,,,,,322.68297719829707,291.0395481803133,19.368210197528988,alpha=100.0,301.4055099828143,278.3325090571049,18.774472023077536,n_est=300,215.66412927998115,180.4268294360565,11.830214258268024,"hidden=(100, 50) n_iter=37",461.013939694665,424.94171683674335,28.55839646018272,n_est=60,Chronos,126.20032857834224,,108.0913560655382,7.379846624136455,482.38948319621124,439.95355902777777,29.39713633014604
799072013,CPRH/CTR PETROLINA,58,12,,,,,191.0197203609604,151.93247851044924,21.24348861541958,alpha=100.0,164.65545288320044,134.40040589658264,18.972108957652047,n_est=300,160.1261214057706,126.48095504990296,17.699242695260665,"hidden=(100, 50) n_iter=37",232.70894523557664,190.11550413882023,26.78110122571664,n_est=60,Chronos,63.615854810838485,,49.29386647542318,7.507759715397455,226.54091914017764,181.37806447347006,25.41322318899179
799102013,CPRH/ESTALEIRO PROMAR,63,12,,,,,11129.21564198707,10018.25963531196,41.62828093049488,alpha=100.0,14056.883083724166,12997.607027397577,54.774732003018,n_est=300,12230.835752348768,10923.999354350532,45.30052861789749,"hidden=(100, 50) n_iter=37",15251.311858110012,14298.031432005097,60.6554124556136,n_est=60,Chronos,2573.603109558736,,2130.7545572916665,9.61907888677982,8470.101878138303,7581.5947265625,31.412758726224155
799112013,CPRH / B. BREJÂO / SRHE,25,6,,,,,147.1541101626816,141.9359355300381,32447.98645847655,alpha=100.0,76.26818224107869,62.79704949092368,13915.649116384608,n_est=300,102.16763174696784,90.6961183039362,20384.564400027924,"hidden=(100, 50) n_iter=37",111.15437027101066,96.57979045247085,21618.87949343657,n_est=60,Chronos,0.0730520367950362,,0.0599438001712163,14.255558902301836,0.11979424103168365,0.11334342261155446,25.99967997842873
799122013,CONTORNO DO CABO / SUAPE,63,12,,,,,8588.011198037822,6263.396772746494,27.69805461017797,alpha=100.0,8128.511822940311,5875.427076372842,26.24787249473888,n_est=300,7872.072534034642,5580.185861580416,24.603482138535075,"hidden=(100, 50) n_iter=37",10102.096805605892,8111.753941715302,37.67204933661421,n_est=60,Chronos,6294.560562707964,,3152.978759765625,13.124909575416336,8758.94026320139,6491.032470703125,28.90093129698291
799662005,CPRH / CAMARGO CORREIA,62,12,,,,,16004.77923471583,7245.28286430841,28.15710886720296,alpha=100.0,17041.45840568491,9224.442184788732,39.09175025719703,n_est=300,17693.755688365458,12625.685386266889,66.43379223248854,"hidden=(100, 50) n_iter=37",17483.687254935157,7393.959131264956,24.074296908332027,n_est=60,Ridge,16004.77923471583,,7245.28286430841,28.15710886720296,18228.544740818128,9331.909749348959,36.97193557700204
799812005,CPRH/BRAVEL,62,12,,,,,5622.81035406226,5123.103621920486,51.3097463366027,alpha=100.0,7006.942760612296,6638.069251243344,68.22961960993598,n_est=300,6320.48940502343,5770.454596340278,57.98963303141617,"hidden=(100, 50) n_iter=37",7466.131205981112,7102.675340537836,73.11499905118845,n_est=60,Chronos,3342.077277990208,,2008.1148274739585,21.93957413797764,5207.628725730012,4745.0297444661455,47.52432393553809
800000000,RECURSOS VINCULADOS AO RPPS - FUNDO EM CAPITALIZAÇÃO (PLANO PREVIDENCIÁRIO),54,12,,,,,13349702.212737435,12431008.840634912,37.107682432036526,alpha=100.0,14381768.871717714,13733956.86812896,41.4982677433569,n_est=300,14276899.613950253,13392537.876481578,40.11911328877129,"hidden=(100, 50) n_iter=37",17499794.071132198,16730251.048715958,50.56683912446843,n_est=60,Chronos,5068102.546411264,,3868320.1666666665,11.947720640021055,14891391.605526429,14097479.166666666,42.35907082449144
801000000,RECURSOS VINCULADOS AO RPPS - FUNDO EM REPARTIÇÃO (PLANO FINANCEIRO),70,12,,,,,202110136.6138482,191894243.37389013,76.54219458365472,alpha=100.0,211093535.5953573,197145291.51969543,78.78305834613215,n_est=300,369218385.0909312,339543497.1852007,137.42269961121397,"hidden=(100, 50) n_iter=37",156700637.54712865,143280160.57137606,55.55738451762652,n_est=60,Chronos,58797999.26916661,,24940901.33333333,7.063109730495991,59665582.924187124,26124932.0,7.430455471282897
803000000,RECURSOS VINCULADOS AO SISTEMA DE PROTEÇÃO SOCIAL DOS MILITARES (SPSM),70,12,,,,,18453804.913097806,18000586.70403294,47.436705950043184,alpha=100.0,20131630.83302424,18967464.29208381,49.51332947047057,n_est=300,34834811.1004331,32856374.785462704,89.19312370923885,"hidden=(100, 50) n_iter=37",8709560.960827202,4025564.472667277,8.01506535745703,n_est=60,LGBM,8709560.960827202,,4025564.472667277,8.01506535745703,9984350.762917336,3858850.0,6.8712471610731285
