Codigo,Nome,Ind_Melhor_Modelo,Ind_RMSE,Ind_MAE,Ind_MAPE,Grupo_Sinal,Cluster_ID,Pooled_Ridge_RMSE,Pooled_Ridge_MAE,Pooled_Ridge_MAPE,Pooled_SVR_RMSE,Pooled_SVR_MAE,Pooled_SVR_MAPE,Pooled_MLP_RMSE,Pooled_MLP_MAE,Pooled_MLP_MAPE,Pooled_Melhor_Modelo,Pooled_Melhor_RMSE,LGBM_Cluster_RMSE,LGBM_Cluster_MAE,LGBM_Cluster_MAPE,N_Treino,N_Holdout,Global_Ridge_RMSE,Global_Ridge_MAE,Global_Ridge_MAPE,Global_RF_RMSE,Global_RF_MAE,Global_RF_MAPE,Global_MLP_RMSE,Global_MLP_MAE,Global_MLP_MAPE,Global_LGBM_RMSE,Global_LGBM_MAE,Global_LGBM_MAPE,Global_Chronos_RMSE,Global_Chronos_MAE,Global_Chronos_MAPE,Global_Melhor_Modelo,Global_Melhor_RMSE,_Pooled_Melhor_MAPE,_Global_Melhor_MAPE,_Global_Melhor_com_Chronos_MAPE,_Oracle_RMSE,_Oracle_MAPE
500000000,RECURSOS NÃO VINCULADOS DE IMPOSTOS,SVR,298165954.11094993,251475082.74966776,9.633625816118933,apenas_positivos,1,365750010.1,303656737.61,11.6678,515565928.7,427800425.42,15.7516,391752587.99,324661316.29,12.5658,LGBM,328843258.07,328843258.07,283966998.41,11.0341,70,12,358532760.73253906,299022036.320982,11.524459568805655,382754828.7747876,329491747.13611835,12.967333613007924,339681850.09266967,225645347.00153533,7.98377173660392,286450246.88788724,250164999.65724948,9.822430068198136,359531729.74328053,260717013.3333333,9.43913814661956,LGBM,286450246.88788724,11.0341,9.822430068198136,9.822430068198136,286450246.88788724,9.822430068198136
500410000,RECURSOS NÃO VINCULADOS DE IMPOSTOS - ISS,ARIMA,921883.2083175512,765474.9670865758,86.37672577037475,positivos_e_negativos,1,927144.41,771613.21,94.9959,1113587.61,890349.24,79.8124,1338129.49,1033294.66,85.6654,LGBM,889729.1,889729.1,735292.49,82.0993,70,12,907401.2929938628,752416.702211127,88.87847276473812,883472.2313823779,739213.3525245356,87.77226048599496,966681.964835544,808487.451172574,81.92610374973907,927270.8275914928,734749.1014742592,77.51315901971276,1157238.5836750972,891372.9322916666,84.91471544218201,RF,883472.2313823779,82.0993,87.77226048599496,87.77226048599496,883472.2313823779,87.77226048599496
500710000,RECURSOS NÃO VINCULADOS DE IMPOSTOS - TRANSF FES,LR,13390424.675712628,10209905.536158385,20.708796702149204,apenas_positivos,0,11819933.89,8968333.38,18.3479,12708446.73,9810389.29,20.0086,11465673.99,8827141.3,18.5438,LGBM,10729136.42,10729136.42,8652479.94,19.3298,69,12,11768523.342837429,9210834.03967212,22.04010023295425,12404045.883998392,9545067.158546409,23.49843735094336,11741784.194584766,9787351.661313396,23.42106094828844,12051587.4055444,9455181.88080988,20.24232937009365,14082948.990769014,10425168.666666666,20.939336769683656,MLP,11741784.194584766,19.3298,23.42106094828844,23.42106094828844,10729136.42,19.3298
501020001,OUTROS RECURSOS NÃO VINCULADOS - TCE,SVR,484865.1237705468,370310.6308415631,15.543206009569314,positivos_e_negativos,1,721081.85,581143.74,24.4725,1111365.62,958972.91,41.4904,1672598.48,1455530.08,63.1748,Ridge,721081.85,739868.16,579563.08,24.0071,70,12,698783.9601190148,556142.9399875416,23.232242698072337,633377.2839356181,538295.1612227563,23.2762014522722,1072984.6650239695,862722.7777451957,36.42226548215841,892521.2903983421,741090.2974650884,31.472503000257984,716867.8479494383,567859.3125,23.989662071907688,RF,633377.2839356181,24.4725,23.2762014522722,23.2762014522722,633377.2839356181,23.2762014522722
501130201,RECURSOS PRÓPRIOS DA SECRETARIA EXECUTIVA DE RESSOCIALIZAÇÃO - SERES,SVR,25.817946237696503,21.688142236666465,10.943313667929774,apenas_positivos,1,3984.89,3846.52,1941.913,1970.11,1847.26,925.4091,2195.1,2190.81,1125.7676,LGBM,864.72,864.72,834.46,420.32,27,6,2347.181591939411,2182.4730841756323,1090.584424412519,2147.842583089201,1995.893565183792,997.9078639552408,934.1464286752436,882.637192657778,443.4426836223898,1920.4434594973068,1827.706292169699,918.4738173648848,32.852634725774486,28.536043802897137,13.99285368161318,Chronos,32.852634725774486,420.32,443.4426836223898,13.99285368161318,32.852634725774486,13.99285368161318
501140107,OUTROS RECURSOS NÃO VINCULADOS - CONSERVATÓRIO DE MÚSICA,LR,9427.920301428634,8534.859478371342,71.0487350462667,apenas_positivos,0,33429.24,25673.87,177.8534,34085.09,22234.09,142.9851,23827.98,19597.65,153.9822,MLP,23827.98,26294.49,18548.87,123.3944,62,12,45652.64395066613,41351.74030579425,323.5459925123293,43466.41897451228,39861.62678617655,312.3802419962027,39805.830208462816,35655.88943713901,331.9307106606352,40722.5831792649,36188.89632046422,262.31869212834533,50293.90949150144,25157.908528645832,56.13606731291097,MLP,39805.830208462816,153.9822,331.9307106606352,331.9307106606352,23827.98,153.9822
501150003,OUTROS RECURSOS NÃO VINCULADOS - FEEF,MLP,6723085.000824017,6227327.405905794,11.995960639784936,apenas_positivos,1,6808786.65,6271856.94,12.1938,9867212.48,8938081.45,16.4554,15429260.6,14007064.53,26.4594,Ridge,6808786.65,7700667.94,6592699.03,13.3617,70,12,10223623.523240916,8325707.560601226,17.373631136936105,7971012.603784814,6720377.345805827,13.73210669492008,9708980.007116605,7788933.604961957,14.735249786217516,6439380.658173989,5416391.083386471,10.62360792935077,9615297.390026512,7269890.666666667,15.388207729452978,LGBM,6439380.658173989,12.1938,10.62360792935077,10.62360792935077,6439380.658173989,10.62360792935077
501420341,OUTROS RECURSOS NÃO VINCULADOS - PECONSIG,MLP,12500.355733501192,10981.726926703346,3.265363910602636,apenas_positivos,1,14314.27,12847.24,3.8248,64853.68,60452.29,18.0634,49702.57,45745.03,13.6501,Ridge,14314.27,17968.36,16517.47,4.9273,70,12,13554.958712255167,11818.560173399856,3.5127181576816624,9058.785324884166,8146.129274057336,2.4596716447257827,54168.81764633909,49410.670050156215,14.731114461659567,32101.35138376981,29744.151562182724,8.876364357771456,28158.104935065847,26715.21875,7.9876451139654705,RF,9058.785324884166,3.8248,2.4596716447257827,2.4596716447257827,9058.785324884166,2.4596716447257827
501560801,OUTROS RECURSOS NÃO VINCULADOS - ARENA PERNAMBUCO,MLP,127763.7207829107,91972.09103203076,53.11746777737536,positivos_e_negativos,0,143777.64,96656.08,46.5476,154058.35,92101.76,38.9123,128822.79,92336.7,58.818,MLP,128822.79,152852.76,110870.23,77.3403,70,12,175011.6782283736,159571.4265863809,104.6819891768764,168669.6676265649,155339.76586930873,98.99900358255746,171481.85924030765,124724.5468347144,69.51069023710514,124749.59824346304,87524.76222678908,57.148622718497485,131086.09721888474,85190.06184895833,42.83927602100774,LGBM,124749.59824346304,58.818,57.148622718497485,57.148622718497485,124749.59824346304,57.148622718497485
501560802,OUTROS RECURSOS NÃO VINCULADOS - CAIS DO SERTÃO,MLP,29346.726184270578,23648.245702481367,34.35704909585049,apenas_positivos,1,47891.29,43509.16,71.4823,28761.36,24360.23,39.0599,68204.75,59243.96,95.0925,SVR,28761.36,43172.39,38627.27,64.9935,59,12,43378.801096849646,39599.371598080725,65.24523913475423,57903.21768691425,51816.31821597578,84.99267351379126,53005.88114240338,45159.72059144236,77.21546410121026,36811.384246777205,30849.065138685968,53.39070049890032,31206.81598857211,25544.29296875,35.883550754379215,Chronos,31206.81598857211,39.0599,53.39070049890032,35.883550754379215,28761.36,39.0599
501610801,OUTROS RECURSOS NÃO VINCULADOS - MULTAS CPRH,MLP,253588.50717863583,101643.99884632423,40.83438626964649,apenas_positivos,1,244004.23,95448.94,46.9857,260185.24,118778.32,71.3919,261048.81,117129.4,65.2548,LGBM,243858.24,243858.24,96038.61,47.852,70,12,244175.4248644065,94712.60752817262,44.10139897396845,240184.9052781654,95196.5121008237,50.74433724114332,248976.069425502,97630.93773259822,44.21656161520088,246970.0107826169,98033.0445089538,46.11601006678388,254432.12194234008,102675.31184895831,41.510153586848446,RF,240184.9052781654,47.852,50.74433724114332,50.74433724114332,240184.9052781654,50.74433724114332
540000000,TRANSFERÊNCIAS DO FUNDEB - IMPOSTOS E TRANSFERÊNCIAS DE IMPOSTOS,ARIMA,45209453.93499976,35507095.55204029,10.60315508568554,apenas_positivos,1,42201045.43,32449312.92,9.6559,69852457.51,63560615.84,19.6092,96756542.07,89659484.65,27.8285,Ridge,42201045.43,53597773.86,45165307.43,13.6628,70,12,41235951.54236028,30953308.769190542,9.185100776177354,41116275.946447656,29310190.814590946,8.690611767962334,60583008.323632985,52335727.547446094,16.028925703818146,60866236.61339359,55001672.69756541,16.87596006239583,36772402.58241672,27186653.33333333,8.051138781224386,Chronos,36772402.58241672,9.6559,8.690611767962334,8.051138781224386,36772402.58241672,8.051138781224386
550000000,TRANSFERÊNCIA DO SALÁRIO-EDUCAÇÃO,ARIMA,5208684.8050466925,2815959.0040671206,9.769856505254548,apenas_positivos,1,8173257.0,6877268.53,27.1746,10569003.44,9496177.83,38.3845,15349292.12,14463884.18,59.5344,LGBM,7899161.13,7899161.13,6665496.2,26.3295,70,12,7676089.062541725,6286245.78389741,24.65636157039109,10481459.00153301,9486776.405176695,38.387879300399256,11465400.514811538,10368737.33376784,42.45872545154336,10839606.403995434,9955364.099729648,40.58628108038872,5377945.574619271,3049362.1666666665,10.73391479873603,Chronos,5377945.574619271,26.3295,24.65636157039109,10.73391479873603,5377945.574619271,10.73391479873603
552004599,CONVÊNIO PNAE - MERENDA ESCOLAR 2 -,SVR,207.99281151594303,202.76586803272605,980.25657877937,apenas_positivos,1,22881.94,21275.28,85175.0606,4833.58,4112.53,19303.9602,15300.87,14755.93,66769.3521,LGBM,4529.0,4529.0,4308.46,18963.0597,60,12,21071.79282018325,19583.878497610345,78510.58484832912,18493.078535147004,14396.374755171268,51918.13857317021,19261.53060713784,17481.27451692386,67342.67458580733,9142.28083738703,8383.531625461912,32793.80135994047,53.94079149592337,41.98036662737528,70.48182728647772,Chronos,53.94079149592337,18963.0597,32793.80135994047,70.48182728647772,53.94079149592337,70.48182728647772
569003619,CONVÊNIO PAR BRASIL PROFISSIONALIZADO INFRAESTRUTU -,ARIMA,21152.552670151184,17159.10788734528,15.787394300425673,apenas_positivos,1,12676.25,10709.3,10.3854,48943.18,42133.93,39.1116,15215.54,13042.08,12.2968,LGBM,12614.84,12614.84,10768.24,11.208,69,12,13342.690811781384,11049.654637847978,10.625923234305375,9630.17193858522,8049.868908129288,7.578684641026466,27194.99034884621,20174.473238100065,18.120421796346488,18733.325941464285,14639.06035695262,13.45061813746897,26499.72167607673,22289.630859375,20.65627156017481,RF,9630.17193858522,11.208,7.578684641026466,7.578684641026466,9630.17193858522,7.578684641026466
569003863,CONVÊNIO PAC 2 CONSTRUÇÃO DE QUADRAS I - PAC 2442/2011,SVR,37378.01367602888,24410.67261098039,42.35295399914114,positivos_e_negativos,1,40192.98,19490.52,38.4652,39041.46,28179.98,45.2298,44274.46,36984.64,64.5379,SVR,39041.46,40721.82,18334.63,37.1183,68,12,40682.52890285669,19096.60486733718,38.14364115931544,42171.17061149072,19433.766998347382,40.514146516295895,35704.642301724045,21761.158769281246,37.75768763205497,39085.967775316094,19681.619014214742,38.5640756741183,37918.74938765863,22871.93294270833,41.39356027956073,MLP,35704.642301724045,45.2298,37.75768763205497,37.75768763205497,35704.642301724045,37.75768763205497
569003913,CONVÊNIO PAC 2 CONSTRUÇÃO DE QUADRAS II - 3583/2011,ARIMA,6113.121385080832,4400.3439016102,44.73267684612293,apenas_positivos,1,6255.69,4607.7,45.1744,9041.99,7384.92,51.1174,11232.12,9314.99,52.8978,LGBM,5874.27,5874.27,3996.52,43.8905,69,12,5949.206334240164,4168.01823466704,44.410462511248,5473.587304159511,3538.275561600705,41.59167233453824,7616.684367152146,6096.206106586956,52.603719761309605,6759.671210554046,5281.3844012045365,47.4507807557259,7234.852360824461,5697.28466796875,47.848795702379626,RF,5473.587304159511,43.8905,41.59167233453824,41.59167233453824,5473.587304159511,41.59167233453824
569004243,CONVÊNIO PAR TERMO DE COMPROMISSO BRASIL PROFISSIO -,MLP,918.8211619934006,823.8969209297816,11.820661872472444,apenas_positivos,1,996.82,843.91,11.085,4334.05,3817.08,47.5068,4457.89,3916.06,48.4987,LGBM,931.62,931.62,823.12,11.7597,69,12,820.4984524630464,711.0126967631805,9.49891380926882,947.853673282818,868.5615405163567,12.5773194122457,1034.4840676696251,762.9662493460083,9.509707943304308,1195.5575021483578,1021.5039078798112,14.588129115214093,2565.3056314614046,2184.898844401041,26.656193120136155,Ridge,820.4984524630464,11.7597,9.49891380926882,9.49891380926882,820.4984524630464,9.49891380926882
569004544,CONVÊNIO PROGRAMA BRASIL ALFABETIZADO III - RESOLU - PROGRAMA BRASIL ALFABETIZADO,MLP,18472.2541821918,11990.627243569174,11.468265052890596,apenas_positivos,1,15396.52,10346.85,10.5004,48584.48,40600.44,40.072,74828.92,64740.96,64.727,Ridge,15396.52,17958.13,14293.8,15.2168,69,12,15232.045274011623,11451.44204493936,12.160195433663915,13417.857208129946,10596.575354733392,10.957488212426153,31394.697437801577,20032.146033413537,18.319327685931608,18581.243148933307,11539.011287789464,10.740083800732506,23088.436017006003,15465.350911458334,14.411270783709682,RF,13417.857208129946,10.5004,10.957488212426153,10.957488212426153,13417.857208129946,10.957488212426153
569004596,CONVÊNIO PAR TERMO DE COMPROMISSO - ROBÓTICA - 1007/2017,LR,1879.050821074896,1508.8552491661012,16.24541364930537,apenas_positivos,1,2327.26,2296.67,28.1059,5804.01,5002.94,54.9314,1743.86,1559.31,18.5492,MLP,1743.86,4511.91,4318.18,50.7929,69,12,3022.585288092404,3002.1787938148955,36.572394068008336,2681.253732391715,2331.513467463575,26.06662796949098,3303.6864474888685,2927.0822214237887,34.07608080184153,5350.348140399308,5007.297891683526,58.39865821115387,2706.6417408761704,2314.673136393229,25.361378574178005,RF,2681.253732391715,18.5492,26.06662796949098,26.06662796949098,1743.86,18.5492
569004611,CONVÊNIO PAR TERMO DE COMPROMISSO - 99-3 / 2018 BN - 99-3 / 2018,MLP,897.9556373024427,720.8604882247624,21.324760893173547,apenas_positivos,1,5541.99,4987.82,211.6041,814.82,677.03,22.6299,2649.79,2146.43,74.4102,SVR,814.82,6458.45,5724.79,242.8257,69,12,5096.02731955234,4646.696455537795,195.89613018977025,5421.715467233923,4522.398979477161,201.931192048175,4648.016971313636,3753.05429319092,171.6813095288825,5173.533973826425,4515.748967708702,196.16753871117567,1140.2762619557882,1017.4632771809896,42.98814232886944,Chronos,1140.2762619557882,22.6299,171.6813095288825,42.98814232886944,814.82,22.6299
569005039,CONVÊNIO PAR TERMO DE COMPROMISSO - EMENDA PARLAME - 3832-3/2021,ARIMA,1.4351821639502909,1.119475004220012,3.9675058660801095,apenas_positivos,1,5.57,5.03,17.8654,4.35,3.98,14.1802,3.87,3.41,12.0413,MLP,3.87,4.6,4.27,15.2325,23,5,4.693769173438839,4.41786513815256,15.803627268418104,5.105704552795237,4.737042445445299,16.89756756700035,5.078280496728979,4.529121631393403,16.048740562772394,4.945750721898215,4.635963481300131,16.56967839414647,4.27291583650234,3.8118480682373046,13.496198834255562,Chronos,4.27291583650234,12.0413,15.803627268418104,13.496198834255562,3.87,12.0413
570003601,CONVÊNIO ARQUIVO PÚBLICO - 9209042/2010,MLP,239.5009228890652,213.24714630080044,6.96298256171755,apenas_positivos,1,331.94,293.11,9.1199,2380.85,2039.44,56.5731,585.91,430.72,11.6455,Ridge,331.94,531.46,468.68,15.2398,61,12,342.491696422429,301.58567538275645,9.35640774059834,174.9737385026112,134.66778535003337,4.292267231827709,645.2117162851865,436.01099600941296,11.772903557469323,553.8307650971223,477.09437718018506,14.62636212833667,1059.180386959792,876.5016072591146,24.149098257762223,RF,174.9737385026112,9.1199,4.292267231827709,4.292267231827709,174.9737385026112,4.292267231827709
600002083,CONVÊNIO PROGRAMA EXTRA TETO PÓLIO - PORTARIA Nº 1045/04,MLP,32.616280905792884,18.46170293230717,14.73497796066978,apenas_positivos,1,32.9,29.35,28.8486,44.64,29.22,23.7822,64.47,51.52,47.2846,Ridge,32.9,36.73,34.78,36.4552,57,12,32.96298135079471,29.7672188360721,29.59292514565483,36.09474885043755,34.380137333735824,35.86657578395081,33.84484983695808,31.26426526953045,32.35402511962218,37.76886677511969,35.15808824176169,36.18213379895145,39.711711796398426,22.98167355855306,17.38599835543436,Ridge,32.96298135079471,28.8486,29.59292514565483,29.59292514565483,32.9,28.8486
600002199,CONVÊNIO PROGRAMA AGENTES COMUNITÁRIOS DE SAÚDE -  - PORTARIA Nº 2.474/04,MLP,10.015041909042706,7.614575741361167,27.68315267321329,positivos_e_negativos,0,118.96,109.81,472.1079,15.62,10.5,44.9,275.92,240.46,870.1258,LGBM,15.37,15.37,11.99,47.5014,52,12,255.4148937980437,241.694914415564,923.1312958668198,269.8037622664466,224.7211093142138,789.4552432801477,178.8949959822733,152.54775498019532,549.0779262284038,192.9659967606372,149.10770022753766,518.6141013632994,14.036653177415706,10.050708770751951,29.737677741575546,Chronos,14.036653177415706,47.5014,549.0779262284038,29.737677741575546,14.036653177415706,29.737677741575546
600002345,CONVÊNIO PROGRAMA EXTRA TETO IDOSO/2006 - PORTARIA Nº 1.343/2006,MLP,475.09774539252857,460.6025425286997,47.17796960869556,apenas_positivos,1,3448.15,3205.48,318.3822,1190.31,970.5,87.7782,1340.42,1126.45,117.3791,LGBM,454.0,454.0,404.96,42.1375,47,11,3314.6280668317468,3089.725142622586,308.5964726254385,3205.2026307809942,2579.827602473059,260.18500587690704,863.2225429060145,694.6037218636851,75.01195980042671,2027.1023110251165,1548.7703426754458,160.75807304733826,524.885004057396,345.52930242365056,23.59382317690704,Chronos,524.885004057396,42.1375,75.01195980042671,23.59382317690704,454.0,42.1375
600003885,CONVÊNIO PVVPS - PORTARIA Nº 2.849/2011,SVR,16.482065758067183,16.111578928912472,18796.38638338669,apenas_positivos,1,1166.2,1106.27,1282923.0171,335.95,320.1,367738.9939,384.88,339.76,413365.2588,LGBM,122.99,122.99,113.54,138812.6027,31,7,1158.497003216852,1101.436029250001,1282341.9523469862,39.578864413559664,31.57795927299011,37789.35154093264,191.2955981483705,188.2166200958184,227066.8489776416,684.2287198051415,558.1774565476911,644941.9196908888,0.0525036750413282,0.0511349013873509,63.9318431241618,Chronos,0.0525036750413282,138812.6027,37789.35154093264,63.9318431241618,0.0525036750413282,63.9318431241618
600003904,CONVÊNIO VIGILÂNCIA EM SAÚDE - FINLACEN-VISA - PORTARIA MS Nº 2.982/2011,ARIMA,964.3342581686172,852.282242219057,12.27666791604417,apenas_positivos,1,698.86,624.02,9.0519,2419.48,2178.98,31.5578,1052.28,981.87,14.3803,Ridge,698.86,723.72,643.13,9.2942,70,12,746.3179720042662,658.3782636537691,9.531388944126896,369.8388530706662,310.4757247776185,4.591963868614365,1312.954878784681,1077.242293834147,15.379605125029268,1349.7478306878495,1231.215230581922,17.857337876730664,1255.311054997186,1112.8839111328125,16.032694338391558,RF,369.8388530706662,9.0519,4.591963868614365,4.591963868614365,369.8388530706662,4.591963868614365
600004296,CONVÊNIO PROFAPS - PORTARIAS Nº 3189,ARIMA,4789.240197874782,2633.25678419556,16.56071357835002,apenas_positivos,1,5844.83,5607.74,51.7936,9559.16,7862.52,63.3701,7940.37,6255.05,50.4579,Ridge,5844.83,7756.65,7379.14,71.4975,48,12,6276.494607918312,5956.52541274362,55.82337693841971,9481.324514659638,8500.137160119184,83.91960720684428,4012.264034652796,2698.137433799562,19.65535321008328,5197.632370493237,5017.841113885787,44.97122852639825,7005.78881842803,5583.770426432292,43.35474712631429,MLP,4012.264034652796,51.7936,19.65535321008328,19.65535321008328,4012.264034652796,19.65535321008328
600004310,CONVÊNIO SES/PE PNA-CNCDO (CENTRAL DE TRANSPLANTE) - PORTARIA MS Nº 207/14,SVR,668.6192880723928,592.1376894194336,1657.8925714623804,apenas_positivos,1,15869.51,15437.56,45613.5571,3081.8,2577.28,7318.7651,3803.77,3258.91,10024.9982,SVR,3081.8,11845.73,10059.69,27775.2361,50,12,13060.352864043747,12275.18158743812,35627.216078235986,12278.326362600694,10352.867744656349,28434.91784831835,7104.285376805171,5615.143871260389,15546.654967769737,11643.410387038277,9952.868794640892,27548.48718170507,33.99700989238354,33.492499669392906,100.0,Chronos,33.99700989238354,7318.7651,15546.654967769737,100.0,33.99700989238354,100.0
600004435,CONVÊNIO PROGRAMA FINLACEN -,ARIMA,809.6722199019571,551.4950560253261,22.263614143422863,apenas_positivos,1,24928.76,23791.38,1325.7556,7777.87,6596.79,366.9204,7140.55,5995.03,327.0321,LGBM,2149.34,2149.34,1841.33,114.4621,70,12,22755.806520313865,21782.93403135028,1210.557625447335,13604.85559542456,10283.448945109834,511.0934614558899,22957.05100746817,20340.53221089396,1063.9448323244824,3301.172539285659,3141.1160895287626,187.4704462161453,798.0768466125757,526.2789916992188,20.599273350751087,Chronos,798.0768466125757,114.4621,187.4704462161453,20.599273350751087,798.0768466125757,20.599273350751087
600004439,CONVÊNIO PRÓ-RESIDÊNCIA MÉDICA - PORTARIA Nº 961/2015,MLP,131389.27279033285,65642.45821727028,217.3111383207911,apenas_positivos,1,126706.58,62678.58,247.9724,144090.74,77311.9,137.6516,155827.69,85828.31,96.3776,LGBM,123604.69,123604.69,60259.45,269.3094,62,12,123942.9755321968,60466.46235510241,263.5464694540176,125634.00565928013,62250.037694624974,265.284281464571,139249.30993974267,75497.77554219919,175.92063435205682,131383.06654161174,65615.61184936465,235.359125094111,135721.9918231207,71584.35970052083,196.24916594118665,Ridge,123942.9755321968,269.3094,263.5464694540176,263.5464694540176,123604.69,269.3094
600004441,CONVÊNIO FN-SUS/MICROCEFALIA/LACEN-PE - PORT. INTERM. Nº 405/2016,ARIMA,1274.9578114149765,1136.3243299815156,15.820019924723796,apenas_positivos,1,649.05,575.45,8.025,2615.61,2355.95,32.8958,956.19,877.08,12.342,Ridge,649.05,963.87,822.89,11.3529,70,12,759.013602493331,672.2786684917841,9.365449465752246,358.66725268432833,288.3487238121291,4.027905903356834,1377.160139602456,1152.5313769369557,15.927670275979525,1192.7665182949304,1063.0879759015186,14.808489175308493,1461.4207910663597,1322.3308512369792,18.4686556728134,RF,358.66725268432833,8.025,4.027905903356834,4.027905903356834,358.66725268432833,4.027905903356834
600004626,CONVÊNIO FNS  A I D S ( VIGILÂNCIA EM SAÚDE ) - PORTARIA Nº 3.276/2013,ARIMA,570357.4050969095,266329.4286090947,36.60510730736603,apenas_positivos,1,560747.15,234079.56,27.1949,617405.52,338063.46,51.3457,632453.02,353470.95,56.464,Ridge,560747.15,561291.17,230537.13,25.2862,62,12,558399.5031228286,230483.5817924428,26.901935423843423,564005.1044867771,220327.60675369567,21.594435370861408,599852.1726049804,309437.836538537,43.758880953551625,549352.5973228149,228217.18166379936,26.82382646401008,599706.7767282194,300842.2174479167,40.41145312740178,LGBM,549352.5973228149,27.1949,26.82382646401008,26.82382646401008,549352.5973228149,26.82382646401008
600004629,CONVÊNIO SES/PE PNA-CNCDO (CENTRAL DE TRANSPLANTE) - PORTARIA MS Nº 207/14,LR,18755.348267127,15692.686988316387,25.00173023583252,apenas_positivos,1,30601.77,29163.62,54.985,22396.01,12981.13,17.2066,20131.94,10127.87,12.1018,MLP,20131.94,27717.89,26440.49,48.1557,61,12,30508.105214502288,29642.36343176382,55.771918189468174,34316.92679756651,32141.78156256059,61.531499761244135,18885.135828763552,11957.926021048925,16.58285583489161,27899.78893668025,27143.59844177068,50.98883259042962,18892.79946331092,13303.4970703125,19.46079166666667,MLP,18885.135828763552,12.1018,16.58285583489161,16.58285583489161,18885.135828763552,16.58285583489161
600005130,CONVÊNIO CUSTEIO DA MÉDIA E ALTA COMPLEXIDADE (MAC - PORTARIA 749 DE 06/04/2022,ARIMA,153.41421164938612,93.10534983464872,8.897948473388146,apenas_positivos,1,734.21,680.58,158.128,428.18,373.41,77.7863,426.35,407.84,96.575,LGBM,258.82,258.82,203.3,35.1328,24,5,527.7105130433766,478.0468674736209,104.5925365474116,481.8375054519171,420.3003604679661,88.86951729251817,254.39855525236368,196.40252012373048,32.939072786099715,411.9584688496845,349.3639184875084,69.9690298793602,190.8868856772508,121.62669677734377,13.915853163047544,Chronos,190.8868856772508,35.1328,32.939072786099715,13.915853163047544,190.8868856772508,13.915853163047544
600005160,CONVÊNIO CUSTEIO DA MÉDIA E ALTA COMPLEXIDADE (MAC - PORTARIA 748 DE 06/04/2022,ARIMA,5457.700607921866,3810.521029131732,20.583695194051742,apenas_positivos,1,17483.57,16104.61,133.5867,10408.33,8638.76,62.848,10516.37,9824.79,80.0985,LGBM,8039.98,8039.98,6547.54,44.3244,24,6,14125.559570725323,13089.611909933812,106.14343579168396,12806.70974379419,11256.870102401104,85.85360769010543,10173.773471030663,8659.647707677015,61.25740473016504,11705.257188760705,10436.672422296602,81.17662281346,4565.074722922576,2536.0709635416665,8.547639319675715,Chronos,4565.074722922576,44.3244,61.25740473016504,8.547639319675715,4565.074722922576,8.547639319675715
600530001,FUNDO DE AÇÕES ESTRATÉGICAS E COMPENSAÇÃO (FAEC),ARIMA,19453260.777166706,13926676.20945565,262.7829931456814,apenas_positivos,0,23299872.79,20101375.09,188.7447,25039357.54,21811261.08,192.7969,24930837.68,21602723.23,200.6873,LGBM,21716095.28,21716095.28,15713904.81,261.5086,46,11,20763472.106725726,14338949.135805212,279.7470196903667,22374750.98041768,15637613.924951212,317.7822186504781,22437412.763414297,16239263.66562323,283.79752101777586,21847080.084646925,14510980.606206566,253.6588374651677,23382439.78583286,17081968.079545453,305.27267293308387,Ridge,20763472.106725726,261.5086,279.7470196903667,279.7470196903667,20763472.106725726,279.7470196903667
601000000,TRANSFERÊNCIAS FUNDO A FUNDO DE RECURSOS DO SUS PROVENIENTES DO GOVERNO FEDERAL - BLOCO DE ESTRUTURAÇÃO DA REDE DE SERVIÇOS PÚBLICOS DE SAÚDE,LR,604002.0782315074,511239.5738865632,364796.9365729998,positivos_e_negativos,1,580937.85,444323.46,550133.6788,656146.59,583384.62,311166.618,576160.99,458464.64,391141.9749,LGBM,573452.83,573452.83,443923.03,480254.9309,36,9,560375.5638495978,429284.16260885366,540872.8791423077,574097.1210814225,469792.7295489665,410743.43612163904,666743.1199139262,569800.8447039832,394603.4590107149,646597.3227095999,562248.0755218336,389293.8410587511,581622.1950639907,483208.7620139652,387321.1881929859,Ridge,560375.5638495978,480254.9309,540872.8791423077,540872.8791423077,560375.5638495978,540872.8791423077
601003950,CONVÊNIO COMPRA DE EQUIP. PARA O HOSPITAL FERNANDE - PORTARIA Nº 3.293/2011,SVR,0.333950917126166,0.3175066466722318,35.24342271611512,apenas_positivos,1,17.96,17.32,2008.512,5.01,3.55,370.0327,3.12,2.66,293.6598,LGBM,1.04,1.04,0.77,104.4108,48,12,15.48242461540886,14.54276227753366,1668.2101996927431,7.239653884319147,5.319449566593552,593.7538552711542,11.26170587149356,9.05533388080648,1005.4061844522912,0.6549122881332724,0.5231804092428668,69.14825943161902,0.4069087170865892,0.2388855864604314,18.19273118186177,Chronos,0.4069087170865892,104.4108,69.14825943161902,18.19273118186177,0.4069087170865892,18.19273118186177
601003980,CONVÊNIO CONSTRUÇÃO DO LACEN - PORTARIA Nº 2.754/2012,MLP,42638.58462537595,38129.95275146653,22.01363878464633,apenas_positivos,1,39837.87,35943.17,20.9722,102490.98,90254.02,51.2132,120381.0,103475.68,58.2617,LGBM,38450.9,38450.9,33763.21,19.5433,58,12,40065.7718670566,36216.12192973099,21.20596304534485,31259.80531493528,28478.29340748758,16.567822430727727,53300.74318565725,46002.64594771353,26.121702627766098,54216.6959079142,48561.09778060714,27.87460201476096,52617.33902021488,46899.80338541666,26.834942762425147,RF,31259.80531493528,19.5433,16.567822430727727,16.567822430727727,31259.80531493528,16.567822430727727
601004021,CONVÊNIO BLOCO DE INVESTIMENTO - HOSPAM - PORTARIA Nº 2.497/2012,MLP,60.44281066626812,36.804326218447926,13.414779154208304,apenas_positivos,1,127.19,124.39,53.4257,150.6,122.34,47.7731,139.31,120.58,47.3794,Ridge,127.19,143.66,135.21,56.9717,50,12,120.4673682487556,115.22300617529424,48.12442040557961,152.08830069440015,139.48986057512866,57.930633964350086,95.98272958226752,78.5047008771438,30.29854325531612,124.6002886722048,110.55457547746616,44.6182563518612,71.72499962598397,38.63646697998047,12.553361916412642,Chronos,71.72499962598397,53.4257,30.29854325531612,12.553361916412642,71.72499962598397,12.553361916412642
601004022,CONVÊNIO BLOCO DE INVESTIMENTO - AFOGADOS DA INGAZ - PORTARIA Nº 2.497/2012,SVR,51.51818725941673,25.99425968074367,10.575916018385044,apenas_positivos,1,97.91,95.98,48.9678,126.14,102.94,48.0609,118.77,102.5,48.0943,Ridge,97.91,102.98,98.93,49.8751,52,12,91.6566168117133,86.28329328396552,42.50368421345881,122.54704296951726,112.86595361629728,56.02573185154759,78.34329249304693,65.9998221266157,30.96793882910662,100.95601211957596,91.83483473842864,44.882873782145616,60.15615027391782,32.16920852661133,12.43509135798967,Chronos,60.15615027391782,48.9678,30.96793882910662,12.43509135798967,60.15615027391782,12.43509135798967
601004193,CONVÊNIO AQUISIÇÃO DE EQUIPAMENTOS - PAULISTA/PE -,SVR,2308.3334367401853,2209.059139046428,131.44977810464573,apenas_positivos,1,5719.68,5378.06,388.5461,2498.58,2334.81,137.3382,2920.18,2658.58,142.4038,SVR,2498.58,7398.35,6745.93,501.3849,53,12,5994.536559186261,5593.416721321598,407.5351480482914,6695.906051640518,6065.844927105961,454.91255937583554,6641.361976142135,6010.103758122322,450.9555549282268,7316.822232810188,6748.82066707883,494.9241069508912,2231.1170877351583,1820.4708557128904,117.85922190054144,Chronos,2231.1170877351583,137.3382,407.5351480482914,117.85922190054144,2231.1170877351583,117.85922190054144
601004309,CONVÊNIO HBC - EQUIPAMENTO AMBIÊNCIA DOS SERVIÇOS  - PORTARIA Nº 2.151/2014,ARIMA,147.26788419504777,129.559846167464,29.43535496476913,apenas_positivos,1,61.3,55.31,14.9113,262.38,230.83,52.762,232.4,209.34,48.9392,Ridge,61.3,117.54,103.91,27.4805,57,12,72.8473584031333,70.10605723533781,18.31548971186273,174.64974650839332,172.45877552693184,42.55686458808501,140.59975409543728,122.05597298281634,29.096801557437573,138.39915277774313,124.86875895603426,33.24896365785771,128.19684169579128,108.37188212076823,24.284347853932367,Ridge,72.8473584031333,14.9113,18.31548971186273,18.31548971186273,61.3,14.9113
602000000,TRANSFERÊNCIAS FUNDO A FUNDO DE RECURSOS DO SUS PROVENIENTES DO GOVERNO FEDERAL - BLOCO DE MANUTENÇÃO DAS AÇÕES E SERVIÇOS PÚBLICOS DE SAÚDE – RECURSOS DESTINADOS AO ENFRENTAMENTO DA COVID-19 NO BOJO DA AÇÃO 21C0.,ARIMA,1890764.5039826224,810740.1128604707,1183.6874393532569,positivos_e_negativos,0,28240006.17,27594958.8,119489.87,6926160.95,6777264.95,29115.9705,13558873.13,13191115.9,56646.0031,SVR,6926160.95,15235529.84,12991650.46,55847.9934,45,11,45715705.61284854,43248077.88738477,177455.45034167453,32044910.302239534,24758536.755998675,80721.13247404285,43651482.33615697,35239801.179627225,120828.6530546714,19126643.58130605,17155842.50954025,65775.37698724236,1963291.422635955,628125.7232776989,100.0,Chronos,1963291.422635955,29115.9705,65775.37698724236,100.0,1963291.422635955,100.0
631002150,CONVÊNIO FORTALECIMENTO DO LACEN - 3686/04,LR,9.20930719541935,5.394516549724105,10.163351839871284,apenas_positivos,1,33.4,31.9,72.7402,25.38,22.62,47.9118,22.16,17.74,36.8255,MLP,22.16,38.55,36.44,84.0027,47,11,30.51541574068237,29.55374637201093,67.48761596390386,35.67960891651963,32.709575526283174,73.15364430500428,35.03994679461844,33.34128088457399,75.4128950913773,33.73860732577589,32.316964288741545,73.94863835218156,12.976923835305268,9.198247389359908,17.794701672851172,Chronos,12.976923835305268,36.8255,67.48761596390386,17.794701672851172,12.976923835305268,17.794701672851172
631003992,CONVÊNIO REFORMA DA ESTRUTURA FÍSICA DO SETOR DE H - 778768/12,MLP,21.35429078834365,16.086680635240953,5.871104237242649,apenas_positivos,1,70.08,68.32,23.2234,148.39,131.74,43.6578,124.9,110.41,36.9569,Ridge,70.08,99.03,94.97,32.7717,54,12,84.22507593062784,81.66843435775273,27.79480619065991,151.84479301509717,145.26994008166807,49.1013589053179,137.69422741054245,124.59695691266737,41.64628383691208,110.7075467304838,105.75514213812852,36.895348515218735,41.754503146848606,35.673258463541664,11.705202094858658,Chronos,41.754503146848606,23.2234,27.79480619065991,11.705202094858658,41.754503146848606,11.705202094858658
631003993,CONVÊNIO REFORMA DAS SALAS DE CIRURGIA DE ALTA FRE - 780883/12,SVR,0.30802209807152,0.2488277317313793,23.13597617540844,apenas_positivos,1,0.36,0.27,23.1206,0.69,0.61,58.1671,0.68,0.58,54.4883,LGBM,0.35,0.35,0.28,25.3646,56,12,0.3509945633516317,0.2613650609751617,22.678116122591767,0.4092474161655572,0.3667550452984131,35.43962531360832,0.3545976820917727,0.1907072803179363,14.198024100699303,0.3231278259506707,0.2471357570465119,22.365063911913595,0.5067740502165682,0.412210871775945,37.1297776067413,LGBM,0.3231278259506707,25.3646,22.365063911913595,22.365063911913595,0.3231278259506707,22.365063911913595
631003994,CONVÊNIO REFORMA DA EMERGÊNCIA CARDIOLÓGICA DO HOS - 780949/12,SVR,84.4923185030797,64.76919134488317,29.903120408152077,apenas_positivos,0,130.67,118.63,70.6954,105.05,59.79,22.3131,161.45,148.3,84.3403,LGBM,95.03,95.03,60.41,24.3858,53,12,466.65312896566826,420.0137166624978,245.4397351861989,518.1299916650328,434.3345028726415,250.2604490840455,504.5992902681363,422.2372694976648,243.7171130836868,417.73419719695744,347.39920939818893,196.5246526059323,101.33770521089292,61.68041483561198,23.742993274297188,Chronos,101.33770521089292,24.3858,196.5246526059323,23.742993274297188,95.03,24.3858
631004005,CONVÊNIO HGA - CONSTRUÇÃO CENTRO DE REFERÊNCIA EM  - 758070,ARIMA,829.7150183952671,622.7209665761379,18.811294434947424,apenas_positivos,1,4754.71,4486.98,144.216,1960.04,1798.38,55.6881,1109.64,990.8,32.7404,MLP,1109.64,5703.73,5426.13,172.8079,54,12,5214.438976940615,4953.6152995355815,159.51324185150034,5381.106999920806,4913.978354125729,158.22243593357425,8353.296036762635,7803.472531103299,249.0575918369261,4806.6166235480105,4373.891580310895,141.13356399670823,990.2510909464528,692.7286783854166,18.667243466757096,Chronos,990.2510909464528,32.7404,141.13356399670823,18.667243466757096,990.2510909464528,18.667243466757096
631004542,CONVÊNIO 836305/2016-AQUISIÇÃO DE EQUIP E MAT PERM - 836305/2016,ARIMA,6094.063819723808,3788.927381962202,50.2091776454231,apenas_positivos,1,5379.86,2948.39,33.6984,6108.96,3721.15,49.371,5704.8,3175.69,41.7413,LGBM,5078.0,5078.0,3002.9,45.5027,37,9,5175.754754647084,2814.849669749801,35.031416545688266,5194.915805966035,2811.9997543735685,35.31870423882849,5236.565018365751,2805.3195782641687,33.71502837919989,5297.80687823435,2849.6351273242344,35.98973909237601,6423.324901860703,4248.465277777777,61.05140282891964,Ridge,5175.754754647084,45.5027,35.031416545688266,35.031416545688266,5078.0,45.5027
660003929,CONVÊNIO CAPACITA SUAS 2012 - BLOCO DE FINANCIAMEN -,LR,41875.915019936576,14521.10301278324,3803.1638167677856,apenas_positivos,1,41444.05,16180.58,5335.1415,42749.07,13157.47,2186.091,42495.44,14137.95,3859.0075,Ridge,41444.05,41463.59,16633.96,5614.1271,67,12,41663.443112078,16202.58925077076,4969.878452208631,41370.06337726423,17060.408280773903,5802.857442324003,41723.65481881009,17507.977672639197,5849.965865206042,41371.67087297963,16617.30283272836,5412.038866479122,42413.60239932064,12855.964833498,1703.7621691122422,RF,41370.06337726423,5335.1415,5802.857442324003,5802.857442324003,41370.06337726423,5802.857442324003
660004127,CONVÊNIO CONTRATO Nº 0328822-77/2010/MDS/CAIXA/SED - CONTRATO Nº 0328822-77/2010,SVR,4120.488568406384,2391.0696892192504,26.287328590007697,positivos_e_negativos,1,3996.6,1908.73,12.0797,4808.66,3119.11,31.4006,5091.76,3513.26,36.9108,Ridge,3996.6,4051.31,2086.9,14.9379,67,12,3982.31784363838,1870.071350077299,11.48605041515502,3949.606355619964,1748.3560103295845,9.682541204045174,3969.243795985317,1878.04635386552,11.344970215417806,4132.41033603677,2179.6945732721024,16.059681346015793,4191.18225697259,2249.1053873697915,17.341012419586345,RF,3949.606355619964,12.0797,9.682541204045174,9.682541204045174,3949.606355619964,9.682541204045174
660004249,CONVÊNIO PROGRAMA DE ERRADICAÇÃO DO TRABALHO INFAN -,SVR,3.556627014254909,3.3705812071844345,89.811300365667,positivos_e_negativos,1,110.36,94.75,2160.308,47.33,44.15,1080.3348,82.71,75.84,1946.2524,SVR,47.33,106.21,92.52,2105.6531,69,12,101.15295354160108,84.91136271308143,1932.258953658188,160.8478338747813,146.07672806085887,3404.2085837085074,117.2447483648387,95.21744637274412,2142.0590474008504,162.1806269262931,148.33188189593287,3476.1511942447705,0.9083242456243552,0.7301323811213175,16.450726293195224,Chronos,0.9083242456243552,1080.3348,1932.258953658188,16.450726293195224,0.9083242456243552,16.450726293195224
660004647,CONVÊNIO SIGTV-PCF4 -SISTEMA DE GESTÃO DE TRANSFER -,SVR,15.411954301498804,12.726623208098443,15.741116527512196,positivos_e_negativos,1,12.64,9.91,12.1915,47.5,40.98,50.7527,17.83,14.25,17.3209,LGBM,12.56,12.56,9.43,11.4019,69,12,13.807361262441866,11.151323570403656,13.778954763644974,11.68189091300678,10.244929280161893,12.89242849703593,13.459742001390914,9.982852028546024,11.94273018094822,20.18484342115828,16.82783352951129,20.699151022994347,20.86492667353942,17.339706103007,21.30171631495209,RF,11.68189091300678,11.4019,12.89242849703593,12.89242849703593,11.68189091300678,12.89242849703593
660004678,CONVÊNIO ESTRUTURAÇÃO DA REDE DE SERVIÇOS DE PROTE -,ARIMA,2027.0207561871769,712.4473933160899,15.734519562336391,apenas_positivos,1,1977.21,893.07,38.0129,2130.02,870.75,32.7832,2032.4,755.21,20.212,LGBM,1946.1,1946.1,1060.63,58.4958,61,12,1967.377220079445,945.7144798743312,44.42169911811438,1961.943991148138,982.4691957674052,48.76303979342378,1924.034810663964,1075.8073871267673,61.10355115482011,1951.921851687081,926.0432759372692,41.34061579000012,2038.6559216295504,733.8445027669271,17.979166436291514,MLP,1924.034810663964,58.4958,61.10355115482011,61.10355115482011,1924.034810663964,61.10355115482011
665004515,CONVÊNIO CONVÊNIO DE COOPERAÇÃO TÉCNICA E FINANCEI -,MLP,403.17344517416615,192.2300085557586,27.232411881841784,apenas_positivos,1,395.42,178.36,22.7758,457.02,263.32,50.6218,433.17,234.93,40.8377,Ridge,395.42,396.56,179.43,23.1434,63,12,391.67503860068615,170.56868862008494,20.059067722704267,393.2692390354132,172.48462763039242,21.408188718595326,398.4580947645622,189.8137891961992,25.96466429035647,413.6682956559602,207.9842044759492,32.165021587050475,416.35411948839135,210.7174504597982,33.09625274337883,Ridge,391.67503860068615,22.7758,20.059067722704267,20.059067722704267,391.67503860068615,20.059067722704267
700001519,CONVÊNIO DANCING DAYS - C.R.218.771-36/2007,ARIMA,7508.825434276201,7394.491962676887,2161.138244738608,apenas_positivos,0,18019.09,17815.43,6460.7337,7550.66,7282.17,1725.9672,31984.73,29702.77,6717.1082,SVR,7550.66,11073.78,10336.85,1803.2047,69,12,29341.27227152576,28065.708540546508,6598.913519376745,25715.41180387602,20637.42009885285,2864.968965675438,42697.67606547158,38579.70401390301,7042.985698545524,14882.07920142762,13203.878985505144,2276.8792857913672,344.9352392900761,295.0317443211873,177.65283362368268,Chronos,344.9352392900761,1725.9672,2276.8792857913672,177.65283362368268,344.9352392900761,177.65283362368268
700001870,CONVÊNIO PINTANDO A LIBERDADE III - MET 048/2002,ARIMA,5.998953051118822,5.062868406339896,22.301203403370504,apenas_positivos,1,4.07,3.28,14.3984,11.99,10.54,46.9853,16.68,14.82,66.4081,LGBM,3.65,3.65,2.81,12.2606,64,12,3.5601020085255235,2.838994728642684,12.563528598230858,4.067555148793045,3.616929166659126,16.276333822680826,3.66069073186953,2.7291564609761605,11.69730474525465,5.332845336042684,4.465798544659127,19.667341355485203,6.194245840110625,5.00573976834615,21.734772453930333,Ridge,3.5601020085255235,12.2606,12.563528598230858,12.563528598230858,3.5601020085255235,12.563528598230858
700002114,CONVÊNIO FACEPE/FINEP/PAPPE - 3004025900,MLP,708.6869004162988,583.3621243686533,44.9935468386565,apenas_positivos,1,718.73,619.7,47.8131,707.88,531.95,40.8607,1050.44,818.78,53.2905,SVR,707.88,766.92,702.63,55.3448,44,11,840.3086058327816,782.0096033725888,63.15440579720663,778.9407433003636,741.1073349891572,55.86766220276404,694.7854258092441,540.884126573459,42.04614661220407,680.6675199971988,529.0164406981025,40.30552566815184,723.6189688740291,618.5163518732244,47.9311689996372,LGBM,680.6675199971988,40.8607,40.30552566815184,40.30552566815184,680.6675199971988,40.30552566815184
700003013,CONVÊNIO IPA / MDA MATAS SÃO FRANCISCO - MDA Nº 035/2007,MLP,274.21880014297955,223.2565756157321,11.168626684374985,apenas_positivos,1,99.09,86.49,4.7928,702.07,619.78,31.6271,999.16,903.66,46.4308,Ridge,99.09,337.77,282.86,14.2351,68,12,109.0811025402548,96.89688288779772,5.382916332417122,229.7660278105556,206.0983922987428,11.165474234995916,255.07504895421377,216.22305045236573,11.486607784216195,209.9561874860697,185.66685888367283,9.703325189982596,362.1873707660741,318.19940185546875,16.184712056635732,Ridge,109.0811025402548,4.7928,5.382916332417122,5.382916332417122,99.09,4.7928
700003024,CONVÊNIO FINEP - SUBVENÇÂO - 0107071700/2007-FINEP-SUBV.,MLP,645.5070490454169,529.3866324767382,44.71638962226211,apenas_positivos,1,655.77,565.31,47.7973,645.93,485.31,40.8513,958.75,747.37,53.3064,SVR,645.93,687.39,610.51,52.1941,44,11,766.6628665001972,713.4039765669421,63.137317592454025,710.6729712700916,676.012177938578,55.90080165594811,637.3701464185087,498.2495396004044,42.53217500453855,618.55529828486,466.3095602769341,38.88854690436451,681.9203018957161,607.1675636985085,52.15997194589031,LGBM,618.55529828486,40.8513,38.88854690436451,38.88854690436451,618.55529828486,38.88854690436451
700003065,"CONVÊNIO VILA DO GARRANCHO, NO MUNICIPIO DE SALGUE - CR 0233.404-90/07 MIN. CIDADES",SVR,192.5588731163964,87.21936357536674,53.19494494827023,positivos_e_negativos,1,173.25,86.61,139.3071,184.71,97.54,133.4162,173.22,84.79,130.7203,MLP,173.22,177.95,88.87,123.4549,61,12,174.52496703260286,85.21821861216135,133.76929054384598,173.32262859192582,80.41285706594688,109.6311637898878,173.26414451967054,86.34931019447816,136.11580846629855,179.58253010073844,86.26389471628228,115.75218876570746,174.78337671914898,82.51928965250652,148.4052476511226,MLP,173.26414451967054,130.7203,136.11580846629855,136.11580846629855,173.22,130.7203
700003113,CONVÊNIO IPA/MCT/ITAPIREMA - 01.0116.00/2007,MLP,6.663842980215462,5.720736217247595,20.153755069476567,apenas_positivos,1,4.82,3.92,14.0548,12.66,11.19,39.5144,15.19,13.5,47.8268,Ridge,4.82,5.13,4.02,14.2776,46,11,3.883614465914617,3.111346569840976,11.524366517142957,2.845337250160379,2.1051102000095097,8.920097887030186,3.6084242748960977,3.3035236059016344,13.249458976087237,6.272128440290592,5.213576279872286,19.09652734245528,8.955292779814124,7.7030018893155185,26.843966525438123,RF,2.845337250160379,14.0548,8.920097887030186,8.920097887030186,2.845337250160379,8.920097887030186
700003266,CONVÊNIO INCLUSÃO DIGITAL DA POPULAÇÃO CARCERÁRIA  - MJ Nº 032/2007,MLP,6.3070343573671686,4.894206852571691,10.64880295524913,apenas_positivos,1,5.82,4.65,10.2963,26.42,23.13,50.7671,36.71,32.63,72.1336,Ridge,5.82,5.94,5.19,12.5713,62,12,4.897616922255524,4.143711802573487,9.682357599661028,3.923236271341401,3.245452624521191,7.293832556998909,4.170531551417082,3.428881054453216,8.159946471726656,8.686268847134858,6.8864353487709975,14.91753142510637,13.06718600030054,11.042458534240724,23.95325802201759,RF,3.923236271341401,10.2963,7.293832556998909,7.293832556998909,3.923236271341401,7.293832556998909
700003268,CONVÊNIO CAPACITAÇÃO PROFISSIONAL EM ELETRICIDADE  - MJ Nº 048/2007,MLP,0.4333692786905658,0.3360837308134169,10.66714201274616,apenas_positivos,1,0.4,0.32,10.297,1.81,1.59,50.7855,2.52,2.24,72.1199,Ridge,0.4,0.45,0.38,12.6295,62,12,0.3365991113536409,0.2847625921201903,9.705208301196818,0.2310218057769123,0.1785220974036717,5.838935790261271,0.2871024143238134,0.236165517562992,8.230084649730077,0.4840639618822827,0.398979198707434,13.06306195445726,0.9566756996099818,0.8140198588371277,25.88389185611763,RF,0.2310218057769123,10.297,5.838935790261271,5.838935790261271,0.2310218057769123,5.838935790261271
700003270,CONVÊNIO CAPACITAÇÃO PROFISSIONAL EM CORTE E COSTU - MJ Nº 055/2007,MLP,9.64097449610275,8.074253362603356,22.80300102888197,apenas_positivos,1,4.41,3.57,10.36,16.02,13.79,39.2178,19.87,16.38,45.9463,Ridge,4.41,5.33,4.21,12.354,64,12,4.914717975415651,3.910718691855818,11.26294439228978,5.19760069582548,4.594074042396344,13.28704394082522,3.9863436405424566,2.885665330870088,8.10643203860774,6.6272535645817925,4.953019376305196,13.578828480014796,10.359768790770271,8.889068285624186,25.33770067239519,MLP,3.9863436405424566,10.36,8.10643203860774,8.10643203860774,3.9863436405424566,8.10643203860774
700003281,CONVÊNIO CNPQ/FACEPE-PRONEX 2008 - PROG.APOIO A NÚCL EXCELÊCIAS,MLP,55.833714210875605,48.85608732699362,54.59102906520318,apenas_positivos,1,56.87,50.74,57.5552,57.47,46.26,52.4571,78.85,59.55,51.1359,Ridge,56.87,58.27,53.49,61.5724,44,11,65.21251635648056,60.33162453045904,72.21194393265858,61.02294224554483,54.12971801164613,63.3674657992213,55.89076533919999,49.4808754691006,54.439272263061966,53.35047749941473,45.23602511119134,49.24633807209118,56.30149337983749,50.059152429754086,56.29823749342117,LGBM,53.35047749941473,57.5552,49.24633807209118,49.24633807209118,53.35047749941473,49.24633807209118
700003348,CONVÊNIO TERMO DE COMPROMISSO Nº001/2008 - 001/2008,ARIMA,664.4687599681062,387.4292344940557,43.14609437733338,apenas_positivos,1,621.92,451.03,66.4288,822.41,511.36,54.6767,788.17,520.61,64.8537,Ridge,621.92,653.52,629.27,147.1626,35,8,665.546730551789,474.4654239012335,76.16635603636345,634.8605488084877,495.6916842306909,81.47784660718496,779.9347349126733,547.7311093810695,93.13480769356018,645.1742603231733,449.54929320118913,68.3576907970957,736.4141570135457,448.72995376586914,45.95212354937272,RF,634.8605488084877,66.4288,81.47784660718496,81.47784660718496,621.92,66.4288
700003591,CONVÊNIO CT N° 0264.754-88-2008 QUADRA POLIESPORTI - CT N° 0264.754-88/2008,ARIMA,648.2873486283704,553.377706701794,9.983823394734442,apenas_positivos,0,1016.73,924.34,16.8164,786.29,713.34,12.9584,866.51,726.74,13.0422,LGBM,443.08,443.08,390.1,7.1567,70,12,555.0958863060091,473.1879032513101,9.16846910272568,1337.8273157556944,1305.2089485730803,24.55434412269323,705.8715311544432,620.2086746655746,11.826646417056615,525.6278374580999,384.2088370043143,7.669174297027376,874.4160057005494,755.709228515625,13.578456596104404,LGBM,525.6278374580999,7.1567,7.669174297027376,7.669174297027376,443.08,7.1567
700003639,CONVÊNIO CONVENIO FACEPE/CNPQ - PPP 2010 - REGISTRO SICONV 739517/2010,ARIMA,765.9619968040809,480.31121594996586,27.991477666965125,apenas_positivos,1,760.27,554.61,31.5794,951.11,593.14,27.706,1224.42,881.09,43.778,Ridge,760.27,826.2,710.2,45.3682,43,10,831.9614472329152,707.8956651694513,44.895907155479854,784.5074445675028,653.6265609504339,37.35807331531301,711.3348682674105,438.9076338597592,24.86089417397806,720.7337405720807,463.555715662212,26.20658156636876,931.1873744589768,572.6287780761719,25.914751700697725,MLP,711.3348682674105,31.5794,24.86089417397806,24.86089417397806,711.3348682674105,24.86089417397806
700003640,CONVÊNIO CONVENIO FACEPE/CNPQ - PRONEM 2010 - 610031/2010,SVR,1360.712553822612,1053.0779753085767,137.5331473884694,apenas_positivos,1,1484.63,1282.09,184.5287,1353.44,1084.46,163.4179,1702.49,1448.64,133.6689,SVR,1353.44,1491.37,1351.44,184.6694,44,11,1651.6617984249365,1483.7399129526475,215.33355673189,1345.4508299152876,1252.6338422339593,158.21168711202793,1536.8744967626244,1339.323444935705,200.7658527634416,1246.396933705535,946.4090553737532,148.9244877175897,1307.2404769532857,1079.7515314275568,157.18749299420537,LGBM,1246.396933705535,163.4179,148.9244877175897,148.9244877175897,1246.396933705535,148.9244877175897
700003641,CONVÊNIO CONVENIO FACEPE/CNPQ - PRONEX 2010 - REGISTRO SICONV 737440/2010,MLP,713.454425089679,587.2885777413271,44.99408064416278,apenas_positivos,1,723.56,623.86,47.8134,712.64,535.53,40.861,1057.5,824.28,53.2906,SVR,712.64,760.67,693.89,53.9829,44,11,845.9591811250682,787.2678082186832,63.1546367413744,777.568440229241,734.2585877311355,54.842111925805206,726.6596940485367,592.2579853900708,46.05291421092263,679.1917070791727,522.0582497550495,39.398263743959774,715.8770821398655,598.5288751775569,45.71112200671655,LGBM,679.1917070791727,40.861,39.398263743959774,39.398263743959774,679.1917070791727,39.398263743959774
700003647,CONVÊNIO MULHERES DE TEJUCUPAPO - TC.0301.544-37/2009/MC/CAIXA,ARIMA,5527.157151699891,4919.485010442787,20.423164367044457,apenas_positivos,0,7528.64,5179.61,26.1691,12309.68,11472.86,45.8802,4468.87,3982.22,17.3384,MLP,4468.87,8490.62,7718.32,32.226,70,12,31667.03329165445,30658.45939686955,127.96057123357372,39860.42120683396,34681.431110523896,138.4217055032478,63086.97020638704,57929.63865753399,234.85703837183345,24961.285686887968,23232.96189063357,96.53511396080286,6179.872282873413,5538.545735677083,22.6094245508948,Chronos,6179.872282873413,17.3384,96.53511396080286,22.6094245508948,4468.87,17.3384
700003867,CONVÊNIO IMPLANTAÇÃO CENTRO REFERÊNCIA EM DIREITOS - 760720/2011-SICONV/SDH/PR,MLP,0.180274791831968,0.1587132344614035,17.628129505803265,positivos_e_negativos,1,2.06,2.03,215.7553,0.73,0.7,74.4858,0.54,0.41,41.7306,MLP,0.54,2.87,2.85,303.9764,22,5,3.2649390038550448,3.262461350626748,350.5916401428886,2.819264587867709,2.797925956726705,299.642922762786,2.878318296222342,2.809057026565089,301.94935041782355,2.4334368988514496,2.427639712050913,261.2499451694093,0.3959320524473993,0.3546442985534668,38.54411165912022,Chronos,0.3959320524473993,41.7306,261.2499451694093,38.54411165912022,0.3959320524473993,38.54411165912022
700003935,CONVÊNIO REFORMA DO PONTO DE CULTURA SITIO DA TRIN -,ARIMA,5.76841096735006,3.232598866419987,12.040913370185308,apenas_positivos,1,6.55,4.28,16.7776,12.14,9.92,42.1462,13.46,11.16,47.8122,LGBM,5.94,5.94,3.4,12.7327,67,12,5.907975015402196,3.3538526132502056,12.565907711971782,5.424926167408857,2.613468647262336,9.319749462352624,5.837237637397737,3.448761481869443,13.076333910958407,7.141578383241717,5.055469123823867,20.38690652052868,6.696615901675803,4.3892849286397295,17.212832208724326,RF,5.424926167408857,12.7327,9.319749462352624,9.319749462352624,5.424926167408857,9.319749462352624
700004189,CONVÊNIO CONSTRUÇÃO DA CADEIA PÚBLICA DE ARAÇOIABA - 778008/2012,SVR,9743.57325228434,9322.215416797915,25.24894805207079,positivos_e_negativos,0,190026.86,165106.88,467.3936,53043.99,46692.52,127.8616,731144.51,668272.24,1816.182,LGBM,46499.69,46499.69,39265.42,109.0664,61,12,574474.5597327729,548634.3402340239,1489.0695106927772,267317.5813203362,192505.7016292188,503.3826593949274,1097672.194651141,1000862.734600566,2688.754996629252,47105.41140609646,40230.69307231943,113.99334028069164,6156.012259641075,5449.550455729167,14.484587777734854,Chronos,6156.012259641075,109.0664,113.99334028069164,14.484587777734854,6156.012259641075,14.484587777734854
700004245,CONVÊNIO FORTE DE SANTO ANTÔNIO -,SVR,588.619164498666,229.0219392787872,41.57377854363837,positivos_e_negativos,1,701.83,377.41,120.5353,547.93,219.01,39.0258,624.92,294.74,82.7828,SVR,547.93,716.8,425.95,146.3281,50,12,714.8214355265596,400.1811569596498,131.2408185535203,763.3164785960195,468.4874872646026,164.27288407474202,786.3966339569191,502.3761848791657,187.4521481766833,696.4200395785874,406.8086330731447,135.32842444530965,629.6649619499373,282.5240287780762,72.84816561219215,Chronos,629.6649619499373,39.0258,135.32842444530965,72.84816561219215,547.93,39.0258
700004246,CONVÊNIO PAC 313 - FORTE DE SÃO PEDRO DO BOLDRÓ -,SVR,474.7177582134866,203.13181680990272,58.94041828657687,positivos_e_negativos,1,586.86,340.32,158.4208,437.02,171.34,37.5617,514.66,266.29,112.9559,SVR,437.02,593.27,373.16,182.0873,50,12,599.2128863263457,360.5254992764159,170.88561571917683,646.6379355625339,423.4970007725125,211.6091174770065,669.6527218486335,452.978551344708,239.56615621614228,592.616784908342,379.4252795299107,185.321302096314,508.33095919494815,242.10464795430505,90.3326578883174,Chronos,508.33095919494815,37.5617,185.321302096314,90.3326578883174,437.02,37.5617
700004288,CONVÊNIO INTERVENÇÃO DO ENTORNO DO TELEFÉRICO NO M -,SVR,144.59392808998638,122.01854199830434,15.42420551909702,apenas_positivos,1,142.51,120.2,15.1884,322.05,285.51,36.7607,446.13,416.76,54.855,LGBM,125.8,125.8,102.52,12.8487,68,12,116.7148839310401,98.33659686396162,12.472164258937326,72.36454398045048,62.01154316280617,7.912600782586056,100.6433097417371,81.7756994202174,10.277728137705369,197.95290089784265,172.8865089219165,22.07141470841292,185.1684367057385,158.30970255533853,20.070495780394992,RF,72.36454398045048,12.8487,7.912600782586056,7.912600782586056,72.36454398045048,7.912600782586056
700004408,CONVÊNIO PAVIMENTAÇÃO DO ACESSO AO MIRANTE FREI DA -,SVR,498.7662235544073,456.2999486870729,24.01711275434497,apenas_positivos,1,482.71,444.17,23.4237,850.17,784.6,41.5211,1143.56,1084.51,58.092,LGBM,447.61,447.61,418.58,22.2301,66,12,424.3204985393834,386.3469543324434,20.30222748767484,344.70882293176595,329.788898808293,17.714621236529258,343.75464224270286,315.384884451347,16.677286015822837,618.4997717914252,579.1040842554838,30.736971203860936,591.8772137170279,531.0810038248698,27.77761805108221,MLP,343.75464224270286,22.2301,16.677286015822837,16.677286015822837,343.75464224270286,16.677286015822837
702004197,CONVÊNIO CICLOVIÁRIO DA REGIÃO METROPOLITANA DO RE - PLANO DIRETOR CICLOVIÁRIO,SVR,270.8130519172052,227.929330465212,25.018665396559943,apenas_positivos,1,133.14,116.18,15.7041,759.7,672.34,75.9723,779.94,694.98,78.2356,Ridge,133.14,448.46,423.23,52.8233,62,12,159.16282520868478,152.3809195981042,19.75610382325176,336.4141577308141,329.5568494769863,39.6357518200289,399.993744230654,362.4163599504584,42.14204930727461,256.2423547582948,226.44283217321745,29.818281180242884,276.15214173124946,236.9513498942057,26.13365411600758,Ridge,159.16282520868478,15.7041,19.75610382325176,19.75610382325176,133.14,15.7041
702004226,CONVÊNIO COOPERAÇÃO TÉCNICA DE VIDEO MONITORAMENTO -,MLP,133.38614756867085,115.79132340286394,13.403510756384406,apenas_positivos,1,68.01,57.35,6.6583,400.14,353.32,41.1056,471.32,411.01,47.7645,Ridge,68.01,102.62,89.39,10.3641,66,12,71.75152727570833,61.87175683978074,7.23394846218597,37.6525366325974,28.09946574161632,3.290073055954095,48.7043526165301,42.12040713359303,4.973190511319773,161.30140959296543,145.19003713957397,16.95009324278396,140.61093317563692,122.42640177408856,14.180234761550986,RF,37.6525366325974,6.6583,3.290073055954095,3.290073055954095,37.6525366325974,3.290073055954095
702004281,CONVÊNIO VIDEOMONITORAMENTO ENTRE A SDS E A PREFEI - CONVÊNIO DE COOP.  08/2014,ARIMA,35.68234360266115,29.812014666747498,8.459290024922884,apenas_positivos,1,34.45,28.95,8.2258,111.52,98.92,28.4935,155.11,145.54,42.6038,Ridge,34.45,45.0,38.04,10.8058,65,12,28.980953347676333,25.06794076854408,7.227672817025746,22.708301828850743,17.53021402753245,5.058619233525593,23.77983358607346,21.591033914428824,6.338227654281085,58.26432310008656,51.44973832743651,14.7527049108671,57.817233654491375,51.10394287109375,14.64238262623668,RF,22.708301828850743,8.2258,5.058619233525593,5.058619233525593,22.708301828850743,5.058619233525593
702004749,CONVÊNIO COOPERAÇÃO TÉCNICA ADM. E FINANCEIRA ENTR - CONVÊNIO 009/2019-GGPPE/SDS,MLP,98214.4623352352,85627.47718607773,16093.624278095143,apenas_positivos,0,136905.18,128746.87,22023.0476,97012.39,90321.81,16962.4978,211155.51,189759.24,29088.9479,SVR,97012.39,196153.22,174695.81,27501.7059,56,12,241876.438702466,213170.72599612284,34265.20251945,244999.2054921753,204064.66531316287,31911.63342693417,342675.69460162526,287575.4991361406,44372.88445270895,211460.77656136727,184103.59745336865,29278.151623051224,88404.90365399804,48635.201694488525,110.9005034996233,Chronos,88404.90365399804,16962.4978,29278.151623051224,110.9005034996233,88404.90365399804,110.9005034996233
702005118,CONVÊNIO CONVÊNIO ENTRE A SDS E A PREFEITURA MUNIC - 009/2021,MLP,11.031947857504637,10.385939320933073,8.362664834413337,apenas_positivos,1,13026.6,12316.8,9871.2755,7480.94,7126.46,5706.9244,10671.35,10276.73,8276.3998,LGBM,766.04,766.04,758.27,615.0454,36,8,12733.762235837436,12046.154790097566,9658.558185619017,172.90997871723636,144.75628954435976,115.92374023760152,5153.378535983008,5106.251181790538,4175.361007470645,133.03045644772362,93.30000469464832,80.24133817483279,9.101436007329404,6.113603591918945,5.3830415920920345,Chronos,9.101436007329404,615.0454,80.24133817483279,5.3830415920920345,9.101436007329404,5.3830415920920345
703004276,CONVÊNIO TERMO DE COOPERAÇÃO TÉCNICA-FINANCEIRA Nº - 001/2013,ARIMA,0.2146625258399798,0.1280000000000002,7.648324581822183,apenas_positivos,1,0.22,0.14,10.7272,0.21,0.16,15.3145,0.29,0.27,43.2625,SVR,0.21,0.21,0.11,3.8024,24,5,0.2184921027532989,0.1362916771205359,9.35315251514058,0.2059561028251824,0.126707923042825,8.376262195774876,0.2194933487617278,0.1621309041330874,16.369871957507033,0.2173820328144079,0.1654530737052077,17.637511585430588,0.2199905564991152,0.1583901524543762,15.19821449867847,RF,0.2059561028251824,15.3145,8.376262195774876,8.376262195774876,0.2059561028251824,8.376262195774876
703004277,CONVÊNIO ITEP- BOLSA COMPLEMENTAR 2014 -,MLP,12.48922356742911,8.033678489779385,30.44911779427081,apenas_positivos,1,13.24,11.48,48.3441,13.0,9.86,41.3161,18.88,14.62,51.9025,SVR,13.0,13.86,12.51,53.2878,44,11,15.428912725596115,14.364345356922,63.22348114389119,13.246044774055637,12.075668330382898,48.00692432078871,13.765282829473014,11.9419136287424,50.83573954936893,12.519562182259978,10.03395341732922,42.38608873451821,13.262275480538266,11.327029141512783,47.91097084870231,LGBM,12.519562182259978,41.3161,42.38608873451821,42.38608873451821,12.519562182259978,42.38608873451821
703004361,CONVÊNIO FACEPE/PITEC-FIAT -,ARIMA,12897.084189756475,4640.970460302567,53.30715138760032,apenas_positivos,1,12900.53,4625.12,52.0446,12952.84,4488.12,44.7969,13457.32,4938.31,54.8272,LGBM,12883.09,12883.09,4658.48,54.7269,44,11,12822.296589020716,4878.893867630025,67.93277539159473,12848.217260026531,4804.452485655514,60.06838012656773,12895.230485549351,4682.872799718515,55.70218567295648,12914.612098568145,4486.802527237398,44.72587590376575,12904.503090815791,4606.0349232066765,51.24413758146951,Ridge,12822.296589020716,54.7269,67.93277539159473,67.93277539159473,12822.296589020716,67.93277539159473
703004500,CONVÊNIO PITEC 4ª RODADA - KURIER TECNOLOGIA EM IN -,MLP,239.76726719055856,154.645150552202,30.893843915378405,apenas_positivos,1,254.38,219.19,47.7417,250.7,187.64,40.6838,377.28,295.13,54.2091,SVR,250.7,258.08,225.6,49.7875,44,11,298.2142622915538,277.8493254906502,63.36640284247,275.9116304544228,261.5843803588876,55.870547334784405,269.02601708485133,235.378158471274,52.0999429423677,238.81982232903653,187.7371100636231,40.95582551373294,261.58656343743024,223.96922163529828,49.632456349090894,LGBM,238.81982232903653,40.6838,40.95582551373294,40.95582551373294,238.81982232903653,40.95582551373294
752000000,RECURSOS VINCULADOS AO TRÂNSITO,LR,4559764.792735624,4037325.729967391,138.28163562150343,positivos_e_negativos,0,4192250.48,3657763.13,137.1369,4792841.51,4217111.97,139.7417,3951296.05,3185169.37,140.5117,MLP,3951296.05,4087618.39,3417517.26,131.7564,70,12,4221088.014109799,3175243.588935649,165.5107444199702,4568891.478560989,3441618.877012987,186.03081535844208,4676318.605741276,3243731.226456824,192.20046211572583,4086215.451593821,3243041.2362501384,173.6394787207404,5730471.500913748,5071207.307291667,118.15079329531308,LGBM,4086215.451593821,140.5117,173.6394787207404,173.6394787207404,3951296.05,140.5117
753000000,RECURSOS PROVENIENTES DE TAXAS E CONTRIBUIÇÕES E PREÇOS PÚBLICOS,LR,17194125.342685662,16476611.873149164,26.78215607657001,positivos_e_negativos,1,53121863.38,49561724.93,83.7701,18798320.22,15148162.13,23.9632,11648265.75,10325416.59,16.0255,MLP,11648265.75,12230743.99,7483164.02,10.5446,70,12,48115124.152516045,44684540.64809214,74.97759208214025,52760337.51606555,46360730.79922072,77.20731151990475,90289707.07104433,80986233.8145361,136.2041091493437,34154138.95831153,31275782.40450033,52.35066495042198,11640578.471997458,7197079.333333333,10.074096343961354,Chronos,11640578.471997458,16.0255,52.35066495042198,10.074096343961354,11640578.471997458,10.074096343961354
753220201,"RECURSOS PROVENIENTES DE TAXAS, CONTRIBUIÇÕES E PREÇOS PÚBLICOS - ADAGRO",MLP,169970.25598329992,136507.44356558783,9.94267015017236,apenas_positivos,1,330029.52,261090.35,17.8956,408330.5,358179.93,25.4387,408084.39,341492.76,23.8189,Ridge,330029.52,390707.18,334592.41,23.5191,70,12,337636.7580536749,268501.295210503,18.395581994922143,372702.3219953011,320229.81879806344,22.511027387196112,410539.6921512788,348913.9372722021,24.464661441310383,428495.9913480668,365128.3507470095,25.6139440830284,325491.2280255662,259501.5833333333,17.81378041667063,Chronos,325491.2280255662,17.8956,18.395581994922143,17.81378041667063,325491.2280255662,17.81378041667063
753610801,"RECURSOS PROVENIENTES DE TAXAS, CONTRIBUIÇÕES E PREÇOS PÚBLICOS - MULTAS CPRH",MLP,109497.80219065116,89652.27408775123,22.257058822517664,apenas_positivos,1,153942.18,131715.87,42.579,252336.12,203639.57,45.8514,354249.83,313460.96,77.8007,LGBM,146337.7,146337.7,128889.45,43.4226,35,8,133861.4534238945,112050.55621873365,36.60176927599922,167132.02639079644,136897.72816629912,40.782216108228624,134561.55942443683,117911.19620705466,40.99557576572532,177080.54551347165,152171.20559802567,43.962689995397874,372163.2040763554,335478.5819091797,86.95281381111761,Ridge,133861.4534238945,43.4226,36.60176927599922,36.60176927599922,133861.4534238945,36.60176927599922
759150000,RECURSOS VINCULADOS A FUNDOS - FUNDO APERF. TCE,SVR,180785.3315116237,126033.18335959502,17.560528056625724,apenas_positivos,1,188287.14,119095.74,15.3726,331968.88,267645.94,35.4795,447315.6,391846.95,54.6743,Ridge,188287.14,207891.63,139310.05,17.5253,70,12,190352.7977518165,128635.69048875677,17.38675885716647,190692.0990224159,125121.91257724592,16.400867979658354,176802.55177687423,116598.65201524766,15.032542951477618,201228.0253472019,133725.68249062684,16.36736556367944,273670.4155400447,199317.3671875,25.00014997222781,MLP,176802.55177687423,15.3726,15.032542951477618,15.032542951477618,176802.55177687423,15.032542951477618
759240000,RECURSOS VINCULADOS A FUNDOS - FERM,SVR,6324915.580834131,5342416.625894214,10.7740762612133,apenas_positivos,1,12814166.92,10168009.15,17.1266,19526291.69,15824975.78,26.6102,23311313.52,19140187.62,32.3582,Ridge,12814166.92,14399040.59,10908828.68,17.9238,70,12,13590448.017646931,10692657.207723867,17.924555939346856,15730341.94031034,12501186.192422286,20.874980558190824,15151490.809888143,11706092.2102635,19.42785139422332,18233224.73615006,14442931.502208456,24.09098605549824,10263980.67441614,8641448.333333334,15.617025972365276,Chronos,10263980.67441614,17.1266,17.924555939346856,15.617025972365276,10263980.67441614,15.617025972365276
759260101,RECURSOS VINCULADOS A FUNDOS - FUNTEC,LR,329584.56210264366,153338.91110896805,28.33449418112283,positivos_e_negativos,1,353251.82,146499.06,27.0055,332757.02,221191.49,41.6656,336009.01,264807.97,51.1206,SVR,332757.02,353907.87,152464.06,28.536,70,12,389244.9332123086,211654.7410081793,40.88675020510231,406938.302190704,228994.72224038336,44.19500638151113,394834.4245852458,225250.9023835781,43.46876815582565,337139.46057665645,151996.9567985318,27.992797893386022,355874.182357682,155416.45833333334,29.165568772154728,LGBM,337139.46057665645,41.6656,27.992797893386022,27.992797893386022,332757.02,41.6656
759410301,RECURSOS VINCULADOS A FUNDOS - FUPES,ARIMA,53716.53183395597,32362.57629023878,60.973661793002506,positivos_e_negativos,1,43413.85,31430.86,92.7602,58664.31,38736.99,81.2109,61524.71,41917.13,89.0367,Ridge,43413.85,57093.28,37476.94,75.7043,66,12,43593.10448859434,32050.014871691008,96.15903861442771,48281.35532541387,36673.81669773375,101.61442002945768,53854.24164994054,43552.29228100139,115.78911115672211,48951.51814613714,27091.72662714084,51.80126719505645,56411.84627079093,36470.87845865885,75.45526306383731,Ridge,43593.10448859434,92.7602,96.15903861442771,96.15903861442771,43413.85,92.7602
759460000,RECURSOS VINCULADOS A FUNDOS - FURPE,MLP,1247472.1873395226,952867.0326566808,23.481892508415623,apenas_positivos,1,1999892.33,1831972.47,52.0238,1181443.76,790446.89,19.5296,1646087.31,1259840.97,27.3558,SVR,1181443.76,1769863.13,1452599.4,39.0466,64,12,2021321.833072261,1805253.5336825333,50.92944012063077,2216339.682294987,1994978.0293309807,54.94854172327695,1926559.694531059,1692326.9972876462,46.581636243068495,1472477.4113337204,1111143.963740284,28.639423329990848,1516120.0860094123,996760.1666666666,23.254558990904503,LGBM,1472477.4113337204,19.5296,28.639423329990848,28.639423329990848,1181443.76,19.5296
759480101,RECURSOS VINCULADOS A FUNDOS - FUNCULTURA - PROJETOS DE PRODUTORES CULTURAIS,MLP,2189664.834056563,1873572.703792806,1044.0288878900153,apenas_positivos,0,2646795.38,2477690.28,1653.3259,2178924.28,1890149.57,1111.5799,3668640.41,3375849.72,2706.7803,SVR,2178924.28,3847588.85,3349152.42,2956.6914,69,12,3447968.28699725,2947863.512432165,2439.110374543768,4371798.747334989,3652856.426780268,3176.68883887044,6241709.841703204,5491114.145836474,4462.218079470844,3924668.8566327705,3454414.790328905,2903.883763445376,2565434.19127187,1284925.970703125,54.58361355166347,Chronos,2565434.19127187,1111.5799,2439.110374543768,54.58361355166347,2178924.28,1111.5799
759520000,RECURSOS VINCULADOS A FUNDOS - INOVAR-PE,MLP,2722266.593558606,1709314.4874230472,69.10832380334422,positivos_e_negativos,0,3288008.09,2370510.29,171.0224,3115548.0,2046814.31,89.537,2751256.55,2067305.39,150.1279,MLP,2751256.55,2817093.15,1939772.17,92.8017,69,12,4075663.2535068737,3291890.5049914005,323.0775683322668,4363795.390618286,3393277.6959350533,275.8699136895214,4164272.456186933,3025733.845618762,260.2596726949548,3762978.644739114,2987138.6119532897,251.0932065460337,3692112.580216002,2341464.575520833,65.03124354383226,Chronos,3692112.580216002,150.1279,251.0932065460337,65.03124354383226,2751256.55,150.1279
759530000,RECURSOS VINCULADOS A FUNDOS - FUNPGE,MLP,2177663.93832687,1336657.911026223,50.71467781200978,apenas_positivos,0,2225354.93,1371873.07,50.5282,2238472.16,1384821.98,51.6467,2179955.01,1335744.0,50.3974,LGBM,2172749.73,2172749.73,1342449.21,54.1818,70,12,2128250.0856816936,1308335.5047225102,54.1116951507169,2106507.273626226,1286039.011863405,52.66777994291281,2081786.0937148049,1286546.6718067066,56.71927969881284,2168743.741202719,1333381.3703478884,51.97874932281543,2254642.4292662223,1404966.2239583333,55.155156677298535,MLP,2081786.0937148049,54.1818,56.71927969881284,56.71927969881284,2081786.0937148049,56.71927969881284
759540000,RECURSOS VINCULADOS A FUNDOS - FDIMPPE,MLP,226564.4364131916,79291.36059761004,47.90282987903076,positivos_e_negativos,0,224121.59,76367.26,45.3724,238738.76,94420.24,73.1959,251424.3,91435.78,56.5894,Ridge,224121.59,228112.86,122157.58,171.5191,70,12,238520.2861182853,123747.32237640064,158.14584285815653,239031.3640882469,155928.13434304055,251.52906096882307,246861.69493793245,169553.48558891818,289.6280830530616,230661.2550881937,144663.7116595503,236.30629525793708,234247.5637192324,81890.1123046875,40.08603939173392,LGBM,230661.2550881937,45.3724,236.30629525793708,236.30629525793708,224121.59,45.3724
759570000,RECURSOS VINCULADOS A FUNDOS - FUNSEG,SVR,132218.9008571937,101303.261022334,6.555552770263719,apenas_positivos,1,211416.06,169495.34,10.5253,354801.17,314421.36,19.9831,610278.26,574092.35,37.0481,Ridge,211416.06,237359.58,199419.94,12.4427,65,12,168110.03550428935,131025.83105819272,8.194895699486098,136305.89383625615,109778.63768145652,6.936575675348523,175953.49428796663,139861.27257981215,8.7648159003706,305739.4543190564,266121.5200999766,16.72328815237324,170753.21228579938,135435.5,8.733897189630797,RF,136305.89383625615,10.5253,6.936575675348523,6.936575675348523,136305.89383625615,6.936575675348523
759590000,RECURSOS VINCULADOS A FUNDOS - FUNREPOL,LR,554237.8452085046,359119.15677666286,36.770539585720826,positivos_e_negativos,1,561950.11,296390.87,28.927,589591.53,433640.66,45.7168,609863.17,492520.0,53.0782,LGBM,558910.02,558910.02,302557.38,29.9725,58,12,566224.906876292,270470.123192475,26.143697040144747,572805.988773496,298684.2668200968,29.308128112630776,558458.1471046526,292924.85533425066,28.74116329797827,558971.5540347286,332081.70573677256,33.29779836592012,560609.8178324959,351517.2083333333,35.76416796987642,MLP,558458.1471046526,29.9725,28.74116329797827,28.74116329797827,558458.1471046526,28.74116329797827
761000000,RECURSOS VINCULADOS AO FUNDO DE COMBATE E ERRADICAÇÃO DA POBREZA,MLP,4469495.062763208,2519773.1785928835,8.213432044218678,apenas_positivos,1,12124898.17,11485827.32,41.0675,5593550.63,4511075.1,14.8988,4686050.73,3725874.63,13.1583,MLP,4686050.73,9783662.08,9068118.97,32.8577,70,12,12165776.87003429,11490384.586894743,41.13921609051188,13860482.113162998,12805944.676226934,45.732033899505936,21679034.52835817,19712020.977737788,70.63411573154718,11551043.480995886,10869844.180349564,39.023041946233405,5599921.115022633,4313791.166666667,13.967405715051168,Chronos,5599921.115022633,13.1583,39.023041946233405,13.967405715051168,4686050.73,13.1583
799012006,CPRH/ S/A PAULISTA,ARIMA,170.08241625570162,155.29747525325834,28.96531190902196,apenas_positivos,1,137.89,122.59,22.6394,207.85,191.34,35.8014,294.17,275.88,52.0771,Ridge,137.89,174.78,158.21,29.4289,39,9,131.32636078854208,118.7774553125698,22.072793567970304,104.8622577310888,95.39249061079228,17.82069072687624,97.12457337098398,83.19480197264092,15.21723182550622,165.6701971332431,152.10122123839508,28.481089750352616,180.3049052415091,164.5631306966146,30.680863791329475,MLP,97.12457337098398,22.6394,15.21723182550622,15.21723182550622,97.12457337098398,15.21723182550622
799012010,CPHR/ PETROQUÍMICASUAPE,ARIMA,25069.021317754305,18063.226359777665,24.53926957284269,positivos_e_negativos,1,27065.18,21001.46,29.7455,32765.05,24774.03,34.3521,47679.5,36772.3,51.5238,LGBM,23856.64,23856.64,16825.91,22.7586,61,12,25027.88386742514,18302.238620345,25.28743971894341,22613.456828746213,16695.89749497533,23.53056401196241,20667.74279100275,14330.041668753123,19.514477088164128,27648.328998321645,21479.550565264533,30.48180842742145,28466.04189638116,21183.752278645832,29.170540439727176,MLP,20667.74279100275,22.7586,19.514477088164128,19.514477088164128,20667.74279100275,19.514477088164128
799012014,CTR IPOJUCA,ARIMA,9822.405213056096,9035.3772239128,33.39134359980169,apenas_positivos,1,6979.55,6370.62,23.4937,13037.87,12220.38,45.5788,18344.85,16698.23,61.4165,Ridge,6979.55,7207.82,6508.79,23.9102,38,9,5919.673087116009,5204.050896884375,18.857453369069283,7086.525892177348,6612.378724439936,24.635167763911507,4522.139876423909,3858.9564948367897,13.929398390654384,9031.86578709344,8208.173284062419,30.19326316994469,9350.796326735976,8617.821831597223,31.897532870632496,MLP,4522.139876423909,23.4937,13.929398390654384,13.929398390654384,4522.139876423909,13.929398390654384
799012015,TCA 001/2015 - CPRH /MIN,SVR,16021.780851238842,14366.505873009852,27.54514186221525,apenas_positivos,1,18309.63,15522.98,25.3524,32002.9,26243.06,37.516,24520.67,19304.12,27.3646,Ridge,18309.63,21275.75,18754.86,29.6849,63,12,19451.061845617143,16348.950911336377,26.339014053319392,29547.532493961982,22741.73839545604,31.62199278929549,23980.27774509249,18114.357936381995,25.579666394197886,30839.005554202657,25884.932756529688,38.73461613059239,17916.177102381538,14603.061360677084,32.447188813622745,Chronos,17916.177102381538,25.3524,26.339014053319392,32.447188813622745,17916.177102381538,32.447188813622745
799012016,TCA 003/2015 - ECOPESA AMBIENTAL,MLP,832.2861912614484,686.3204738287405,16.695192742834244,apenas_positivos,1,2069.36,1901.3,48.1801,2454.31,2208.87,55.3453,3289.35,2890.6,71.6115,LGBM,2015.91,2015.91,1836.4,46.2883,63,12,1882.2046226976663,1670.2790602775788,41.5071446089907,2225.1974018441706,1983.689684818604,49.422879765450986,2161.3021454298523,1922.4037940064013,47.85202618383777,2453.655722470879,2202.173191140451,55.09598347772583,1382.9598458551047,1189.8397013346355,29.0931076933376,Chronos,1382.9598458551047,46.2883,41.5071446089907,29.0931076933376,1382.9598458551047,29.0931076933376
799022006,CPRH/MGRBA,MLP,1775.0477597908484,1446.5685747038217,20.44112154182077,apenas_positivos,1,2246.96,1944.86,27.9023,3377.66,2881.34,41.1093,4852.8,4047.2,57.3247,LGBM,1876.52,1876.52,1578.47,22.3991,63,12,1999.5500170376904,1684.7674137694266,23.965577613772663,1672.634102327062,1439.1777922887245,20.64355138633695,1645.5074401808988,1384.4660078098168,19.68657219584741,2391.636344374185,2075.8984278502026,29.83405331142336,2330.702068048309,1996.3443603515625,28.513658806000013,MLP,1645.5074401808988,22.3991,19.68657219584741,19.68657219584741,1645.5074401808988,19.68657219584741
799022010,CPRH/ SETUR/PE,ARIMA,805.9828099438598,687.8008333333333,27.86994450376644,apenas_positivos,1,799.59,692.6,28.2254,1192.56,1017.64,41.2372,1715.52,1430.66,57.5451,LGBM,720.79,720.79,606.54,24.4501,63,12,708.2864420869382,597.1124535153684,24.12428774843403,598.2697972691143,516.2340395692868,21.052855617633973,586.5539299646933,493.7387088242568,19.94215816591189,813.7134214172123,702.3480042671118,28.58410578470693,827.1726578959016,705.1095275878906,28.546614093302747,MLP,586.5539299646933,24.4501,19.94215816591189,19.94215816591189,586.5539299646933,19.94215816591189
799022013,CPRH / L. P. DO PAIVA / COMPESA,ARIMA,1488.319143253556,1270.0875,27.870206090529663,apenas_positivos,1,1491.57,1292.89,28.5389,2208.19,1884.89,41.3672,3180.13,2651.84,57.7593,LGBM,1205.89,1205.89,1007.99,21.9805,62,12,1304.9086597507196,1099.841364619414,24.062623215961505,1094.1315905793558,943.3830686225028,20.826939701573984,1096.6523458164995,923.5684838688504,20.20509886636217,1640.157266830284,1418.6381369697074,31.29070924254741,1485.135880411369,1267.1549479166667,27.824742321519864,RF,1094.1315905793558,21.9805,20.826939701573984,20.826939701573984,1094.1315905793558,20.826939701573984
799022014,TCA 001 / 2014 - PETROQUÝMICA SUAPE,SVR,13476.06410264834,11796.965997997298,10.634848102470102,apenas_positivos,1,59989.05,52574.17,42.8095,84325.89,79996.03,68.3365,71027.53,64380.92,53.4002,LGBM,58093.58,58093.58,53535.42,44.8774,63,12,60845.20434582635,54265.00059484771,44.597171847415055,75918.13514346154,69358.48626645046,57.83274212597303,76742.774437427,68605.64001133479,56.4958638798611,78285.55559226968,71750.09710123681,59.93293715573863,43216.491380083055,37220.81119791666,30.027345336508105,Chronos,43216.491380083055,44.8774,44.597171847415055,30.027345336508105,43216.491380083055,30.027345336508105
799022016,TCA 002/2015 - SECID,MLP,5229.145650876096,4400.127062077624,22.340180845440276,apenas_positivos,1,6522.34,5811.9,30.2224,9281.97,7945.07,40.6351,13751.84,11609.79,59.1927,LGBM,6098.14,6098.14,5318.31,27.3967,63,12,5510.526269004112,4651.148522127572,23.61903747280142,4789.712487544689,4266.344778850865,22.22543468305579,4555.805161230692,3907.336206210411,20.017077282056302,7309.53341920434,6550.638533897119,34.164750921874926,6099.314758133321,5274.585123697917,27.048314789308087,MLP,4555.805161230692,27.3967,20.017077282056302,20.017077282056302,4555.805161230692,20.017077282056302
799032013,CPRH / B. ENG. MARANHÒO / COMPESA,ARIMA,3812.082183039552,3241.063603436144,24.93907242566047,apenas_positivos,1,3514.36,2997.94,23.0976,4802.1,4127.63,31.98,8304.41,7511.39,59.8591,Ridge,3514.36,3602.25,3027.75,23.1991,63,12,3268.445609245529,2766.95097169509,21.292101963922693,2652.867739946277,2284.44727957751,17.684481870732082,2457.1486949259984,2101.7759121572453,16.306118163901015,4344.04736545507,3745.240529295943,28.99739817313296,3741.2416884061367,3158.0533854166665,24.223919062069875,MLP,2457.1486949259984,23.0976,16.306118163901015,16.306118163901015,2457.1486949259984,16.306118163901015
799042013,CPRH / B. ENG. PEREIRA / COMPESA,ARIMA,4393.049467816079,3742.692807697873,27.560602543024764,apenas_positivos,1,6426.01,5626.46,41.9428,8825.48,8341.56,65.1007,7611.31,6879.12,52.1796,Ridge,6426.01,6482.29,5948.07,45.545,63,12,6535.053833206482,5814.4168889545,43.71075154520869,8132.09612255062,7401.687843088527,56.40262066117946,8083.992940322197,7163.9681679567,53.78454223752759,8536.936756244051,7782.389138098183,59.35626020147592,4689.495515810247,4081.719645182292,30.3244304890533,Chronos,4689.495515810247,41.9428,43.71075154520869,30.3244304890533,4689.495515810247,30.3244304890533
799042016,TCA  027/2016  -  BARRAGEM SERRO AZUL,ARIMA,24843.47066827688,20658.073147904342,111.893518071321,apenas_positivos,1,34344.2,31050.74,99.0061,50866.87,45635.47,98.0924,60437.19,53298.47,92.5142,LGBM,33284.49,33284.49,29721.2,106.9192,68,12,30146.575616950136,26495.85602405008,107.35192053399564,32961.267955791365,29716.02150596761,95.607033933661,35731.701613825506,31922.509579918453,104.8865770693699,40306.77023850886,36137.92524565894,98.64303542216572,26702.214939306978,22812.023518880207,113.1899891165298,Chronos,26702.214939306978,106.9192,107.35192053399564,113.1899891165298,26702.214939306978,113.1899891165298
799052013,CPRH / FIAT,ARIMA,13735.827230620594,11688.406002215235,25.103228471044524,positivos_e_negativos,1,14985.62,13008.55,28.1678,18062.16,15643.39,33.907,30674.41,27873.39,62.09,Ridge,14985.62,16278.59,14601.26,32.1399,62,12,13968.472565919756,11811.828534650123,25.297663778862194,12504.791692730903,11193.03633086908,24.63926122691994,11179.075617117149,9557.644259003864,20.62788316252698,18251.99578033377,16462.951036820206,36.35456011812949,15154.18956798771,12931.172037760416,27.805572424087927,MLP,11179.075617117149,28.1678,20.62788316252698,20.62788316252698,11179.075617117149,20.62788316252698
799052016,TCA  059/2016  -  CTR CARUARU,LR,82.02671543084996,62.65796092609225,4.325537752575369,apenas_positivos,1,1499.55,1458.56,104.9026,809.67,733.9,53.3414,867.83,825.88,58.973,SVR,809.67,1196.53,1066.16,73.6867,39,9,1164.0618512020342,1109.4745755867575,78.67102148087119,1296.2962232018644,1126.926399813614,77.35710460843535,2140.012720327588,2009.3705049802263,141.6931098884293,1379.743861969821,1285.3859356767173,90.4922480595816,482.4809418776334,437.03245713975696,30.208831106511298,Chronos,482.4809418776334,53.3414,78.67102148087119,30.208831106511298,482.4809418776334,30.208831106511298
799062013,CPRH / RNEST / PETROBRSSS,MLP,509707.8458679881,429521.5094434768,19.56204585865206,positivos_e_negativos,1,746990.73,674560.6,31.3863,1095747.35,945491.63,43.2081,1673704.89,1411986.86,64.1591,LGBM,447791.63,447791.63,392655.09,18.0739,64,12,570443.5527734188,488808.54094634205,22.31838304155925,534638.8852587703,483388.6212795296,22.53504402956722,509611.1481994984,436457.5634095389,19.992979965771266,852287.6050805018,771519.3222664307,35.946441537142455,665808.7768783561,572995.7708333334,26.17037384083449,MLP,509611.1481994984,18.0739,19.992979965771266,19.992979965771266,447791.63,18.0739
799062016,ATERRO SANITSSRIO DE CARUARU - TCA   063/2016,MLP,438.9171892563377,392.32797572105466,26.010490465093657,apenas_positivos,1,367.55,327.27,21.6791,656.55,609.56,41.0461,1011.15,955.07,64.8832,Ridge,367.55,367.57,326.7,21.6516,39,9,322.68297719829707,291.0395481803133,19.368210197528988,301.4055099828143,278.3325090571049,18.774472023077536,215.66412927998115,180.4268294360565,11.830214258268024,461.013939694665,424.94171683674335,28.55839646018272,482.3894831962112,439.95355902777777,29.39713633014604,MLP,215.66412927998115,21.6791,11.830214258268024,11.830214258268024,215.66412927998115,11.830214258268024
799072013,CPRH/CTR PETROLINA,ARIMA,206.78658575932823,165.3716666666667,23.178106760135588,positivos_e_negativos,1,218.86,180.98,25.6584,324.35,260.25,36.4172,466.91,371.64,52.0655,LGBM,195.92,195.92,155.24,21.6351,58,12,191.0197203609604,151.93247851044924,21.24348861541958,164.65545288320044,134.40040589658264,18.972108957652047,160.1261214057706,126.48095504990296,17.699242695260665,232.70894523557664,190.11550413882023,26.78110122571664,226.54091914017764,181.3780644734701,25.41322318899179,MLP,160.1261214057706,21.6351,17.699242695260665,17.699242695260665,160.1261214057706,17.699242695260665
799102013,CPRH/ESTALEIRO PROMAR,LR,4977.137053882782,4313.123709590544,17.660973471653307,apenas_positivos,1,13306.46,12530.07,53.2508,15498.95,14611.86,62.1375,19436.01,17881.56,75.1951,LGBM,13143.61,13143.61,12407.19,52.7981,63,12,11129.21564198707,10018.25963531196,41.62828093049488,14056.883083724166,12997.607027397577,54.774732003018,12230.835752348768,10923.999354350532,45.30052861789749,15251.311858110012,14298.031432005097,60.6554124556136,8470.101878138303,7581.5947265625,31.412758726224155,Chronos,8470.101878138303,52.7981,41.62828093049488,31.412758726224155,8470.101878138303,31.412758726224155
799112013,CPRH / B. BREJÂO / SRHE,MLP,0.0491750070955442,0.0420270247322201,9.33983837961491,apenas_positivos,1,215.97,208.39,47669.731,72.93,62.01,13801.2857,71.71,70.55,16359.4417,LGBM,21.62,21.62,20.52,4669.4436,25,6,147.1541101626816,141.9359355300381,32447.98645847655,76.26818224107869,62.79704949092368,13915.649116384608,102.16763174696784,90.6961183039362,20384.564400027924,111.15437027101066,96.57979045247085,21618.87949343657,0.1197942410316836,0.1133434226115544,25.99967997842873,Chronos,0.1197942410316836,4669.4436,13915.649116384608,25.99967997842873,0.1197942410316836,25.99967997842873
799122013,CONTORNO DO CABO / SUAPE,MLP,8334.73875144023,6019.987526010283,26.54938632185047,apenas_positivos,1,9508.16,7388.93,33.8323,11733.29,9457.38,43.6811,15672.34,13010.91,61.2341,LGBM,9252.31,9252.31,7098.31,32.1963,63,12,8588.011198037822,6263.396772746494,27.69805461017797,8128.511822940311,5875.427076372842,26.24787249473888,7872.072534034642,5580.185861580416,24.603482138535075,10102.096805605892,8111.753941715302,37.67204933661421,8758.94026320139,6491.032470703125,28.90093129698291,MLP,7872.072534034642,32.1963,24.603482138535075,24.603482138535075,7872.072534034642,24.603482138535075
799662005,CPRH / CAMARGO CORREIA,ARIMA,17728.072605156136,8349.71978127224,30.2606088216326,positivos_e_negativos,1,15825.53,8496.87,38.8236,19173.78,11753.56,54.3687,19831.61,13460.49,67.9164,Ridge,15825.53,19007.26,10809.34,46.222,62,12,16004.77923471583,7245.28286430841,28.15710886720296,17041.45840568491,9224.442184788732,39.09175025719703,17693.755688365458,12625.685386266889,66.43379223248854,17483.687254935157,7393.959131264956,24.074296908332027,18228.544740818128,9331.90974934896,36.97193557700204,Ridge,16004.77923471583,38.8236,28.15710886720296,28.15710886720296,15825.53,38.8236
799812005,CPRH/BRAVEL,ARIMA,3737.658751208822,3107.9766741771987,29.81907202402367,apenas_positivos,1,5493.1,4942.42,49.1712,8045.31,7710.42,79.9339,6573.17,6118.89,62.0763,Ridge,5493.1,6310.82,5950.87,61.005,62,12,5622.81035406226,5123.103621920486,51.3097463366027,7006.942760612296,6638.069251243344,68.22961960993598,6320.48940502343,5770.454596340278,57.98963303141617,7466.131205981112,7102.675340537836,73.11499905118845,5207.628725730012,4745.0297444661455,47.52432393553809,Chronos,5207.628725730012,49.1712,51.3097463366027,47.52432393553809,5207.628725730012,47.52432393553809
800000000,RECURSOS VINCULADOS AO RPPS - FUNDO EM CAPITALIZAÇÃO (PLANO PREVIDENCIÁRIO),ARIMA,8396442.200140517,7867100.116531968,23.61866002807928,apenas_positivos,1,14677827.49,13784537.17,41.2406,18240561.99,17236118.4,51.8564,24374375.73,23382153.77,70.9932,Ridge,14677827.49,14914610.48,14191849.7,42.8142,54,12,13349702.212737435,12431008.840634912,37.107682432036526,14381768.871717714,13733956.86812896,41.4982677433569,14276899.613950253,13392537.876481578,40.11911328877129,17499794.071132198,16730251.048715958,50.56683912446843,14891391.605526429,14097479.166666666,42.35907082449144,Ridge,13349702.212737435,41.2406,37.107682432036526,37.107682432036526,13349702.212737435,37.107682432036526
801000000,RECURSOS VINCULADOS AO RPPS - FUNDO EM REPARTIÇÃO (PLANO FINANCEIRO),MLP,58465572.473126896,33740718.1326601,10.729136885295684,apenas_positivos,1,245080568.14,229580260.36,91.8258,238406370.68,222984180.12,88.7743,344434609.98,313807943.96,125.9569,LGBM,106867718.21,106867718.21,102731516.76,39.7761,70,12,202110136.6138482,191894243.37389013,76.54219458365472,211093535.5953573,197145291.51969543,78.78305834613215,369218385.0909312,339543497.1852007,137.42269961121397,156700637.54712865,143280160.57137606,55.55738451762652,59665582.92418712,26124932.0,7.430455471282897,Chronos,59665582.92418712,39.7761,55.55738451762652,7.430455471282897,59665582.92418712,7.430455471282897
803000000,RECURSOS VINCULADOS AO SISTEMA DE PROTEÇÃO SOCIAL DOS MILITARES (SPSM),SVR,9243874.243699774,5622994.726189115,12.458659588304029,apenas_positivos,0,10337864.46,8815117.83,21.9132,10253602.55,5836685.0,12.5185,10334830.64,6633695.11,15.5697,LGBM,8580053.53,8580053.53,5962617.94,13.9863,70,12,18453804.913097806,18000586.70403294,47.436705950043184,20131630.83302424,18967464.29208381,49.51332947047057,34834811.1004331,32856374.785462704,89.19312370923885,8709560.960827202,4025564.472667277,8.01506535745703,9984350.762917336,3858850.0,6.8712471610731285,LGBM,8709560.960827202,13.9863,8.01506535745703,8.01506535745703,8580053.53,13.9863
