Codigo,Nome,Grupo_Sinal,Cluster_ID,Membros_Total,Membros_Modelaveis,N_Lags_x,LB_Pvalor,Pooled_Ridge_RMSE,Pooled_Ridge_MAE,Pooled_Ridge_MAPE,Pooled_Ridge_Params,Pooled_SVR_RMSE,Pooled_SVR_MAE,Pooled_SVR_MAPE,Pooled_SVR_Params,Pooled_MLP_RMSE,Pooled_MLP_MAE,Pooled_MLP_MAPE,Pooled_MLP_Params,LGBM_Cluster_RMSE,LGBM_Cluster_MAE,LGBM_Cluster_MAPE,LGBM_Cluster_Params,Ind_Melhor_Modelo,Ind_RMSE,Ind_MAE,Ind_MAPE,N_Treino,N_Holdout,N_Lags_y,Pooled_Melhor_Modelo,Pooled_Melhor_RMSE,Delta_RMSE_pct
500000000,RECURSOS NÃO VINCULADOS DE IMPOSTOS,apenas_positivos,1,123,115,9,0.0,365750010.1,303656737.61,11.6678,alpha=0.01,515565928.7,427800425.42,15.7516,C=1  eps=0.1  kernel=rbf,391752587.99,324661316.29,12.5658,"layers=(50, 50)  alpha=0.0001  lr=0.001",328843258.07,283966998.41,11.0341,n_est=118  membros=115,SVR,298165954.11094993,251475082.74966776,9.633625816118933,70,12,9,LGBM,328843258.07,10.29
500410000,RECURSOS NÃO VINCULADOS DE IMPOSTOS - ISS,positivos_e_negativos,1,123,115,6,0.0,927144.41,771613.21,94.9959,alpha=0.01,1113587.61,890349.24,79.8124,C=1  eps=0.1  kernel=rbf,1338129.49,1033294.66,85.6654,"layers=(100, 50)  alpha=0.0001  lr=0.001",889729.1,735292.49,82.0993,n_est=118  membros=115,ARIMA,921883.2083175512,765474.9670865758,86.37672577037475,70,12,6,LGBM,889729.1,-3.49
500710000,RECURSOS NÃO VINCULADOS DE IMPOSTOS - TRANSF FES,apenas_positivos,0,243,18,12,0.0032,11819933.89,8968333.38,18.3479,alpha=100.0,12708446.73,9810389.29,20.0086,C=1  eps=0.1  kernel=rbf,11465673.99,8827141.3,18.5438,"layers=(50, 50)  alpha=0.01  lr=0.001",10729136.42,8652479.94,19.3298,n_est=73  membros=18,LR,13390424.675712628,10209905.536158385,20.708796702149204,69,12,12,LGBM,10729136.42,-19.87
501020001,OUTROS RECURSOS NÃO VINCULADOS - TCE,positivos_e_negativos,1,123,115,3,0.0,721081.85,581143.74,24.4725,alpha=0.01,1111365.62,958972.91,41.4904,C=1  eps=0.1  kernel=rbf,1672598.48,1455530.08,63.1748,"layers=(100, 50)  alpha=0.01  lr=0.001",739868.16,579563.08,24.0071,n_est=118  membros=115,SVR,484865.1237705468,370310.6308415631,15.543206009569314,70,12,3,Ridge,721081.85,48.72
501130201,RECURSOS PRÓPRIOS DA SECRETARIA EXECUTIVA DE RESSOCIALIZAÇÃO - SERES,apenas_positivos,1,123,115,1,0.0,3984.89,3846.52,1941.913,alpha=0.01,1970.11,1847.26,925.4091,C=1  eps=0.1  kernel=rbf,2195.1,2190.81,1125.7676,"layers=(50, 50)  alpha=0.01  lr=0.01",864.72,834.46,420.32,n_est=118  membros=115,SVR,25.817946237696503,21.688142236666465,10.943313667929774,27,6,1,LGBM,864.72,3249.3
501140107,OUTROS RECURSOS NÃO VINCULADOS - CONSERVATÓRIO DE MÚSICA,apenas_positivos,0,243,18,12,0.0,33429.24,25673.87,177.8534,alpha=100.0,34085.09,22234.09,142.9851,C=1  eps=0.1  kernel=rbf,23827.98,19597.65,153.9822,"layers=(50, 50)  alpha=0.01  lr=0.001",26294.49,18548.87,123.3944,n_est=73  membros=18,LR,9427.920301428634,8534.859478371342,71.0487350462667,62,12,12,MLP,23827.98,152.74
501150003,OUTROS RECURSOS NÃO VINCULADOS - FEEF,apenas_positivos,1,123,115,1,0.0,6808786.65,6271856.94,12.1938,alpha=0.01,9867212.48,8938081.45,16.4554,C=1  eps=0.1  kernel=rbf,15429260.6,14007064.53,26.4594,"layers=(50, 50)  alpha=0.01  lr=0.01",7700667.94,6592699.03,13.3617,n_est=118  membros=115,MLP,6723085.000824017,6227327.405905794,11.995960639784936,70,12,1,Ridge,6808786.65,1.27
501420341,OUTROS RECURSOS NÃO VINCULADOS - PECONSIG,apenas_positivos,1,123,115,4,0.0,14314.27,12847.24,3.8248,alpha=0.01,64853.68,60452.29,18.0634,C=1  eps=0.1  kernel=rbf,49702.57,45745.03,13.6501,"layers=(100,)  alpha=0.0001  lr=0.001",17968.36,16517.47,4.9273,n_est=118  membros=115,MLP,12500.355733501192,10981.726926703346,3.265363910602636,70,12,4,Ridge,14314.27,14.51
501560801,OUTROS RECURSOS NÃO VINCULADOS - ARENA PERNAMBUCO,positivos_e_negativos,0,243,18,1,0.003,143777.64,96656.08,46.5476,alpha=10.0,154058.35,92101.76,38.9123,C=1  eps=0.1  kernel=rbf,128822.79,92336.7,58.818,"layers=(50, 50)  alpha=0.01  lr=0.01",152852.76,110870.23,77.3403,n_est=73  membros=18,MLP,127763.7207829107,91972.09103203076,53.11746777737536,70,12,1,MLP,128822.79,0.83
501560802,OUTROS RECURSOS NÃO VINCULADOS - CAIS DO SERTÃO,apenas_positivos,1,123,115,12,0.0155,47891.29,43509.16,71.4823,alpha=0.01,28761.36,24360.23,39.0599,C=1  eps=0.1  kernel=rbf,68204.75,59243.96,95.0925,"layers=(100, 50)  alpha=0.01  lr=0.001",43172.39,38627.27,64.9935,n_est=118  membros=115,MLP,29346.726184270578,23648.245702481367,34.35704909585049,59,12,12,SVR,28761.36,-1.99
501610801,OUTROS RECURSOS NÃO VINCULADOS - MULTAS CPRH,apenas_positivos,1,123,115,1,0.004,244004.23,95448.94,46.9857,alpha=0.01,260185.24,118778.32,71.3919,C=1  eps=0.1  kernel=rbf,261048.81,117129.4,65.2548,"layers=(50, 50)  alpha=0.01  lr=0.01",243858.24,96038.61,47.852,n_est=118  membros=115,MLP,253588.50717863583,101643.99884632423,40.83438626964649,70,12,1,LGBM,243858.24,-3.84
540000000,TRANSFERÊNCIAS DO FUNDEB - IMPOSTOS E TRANSFERÊNCIAS DE IMPOSTOS,apenas_positivos,1,123,115,2,0.0,42201045.43,32449312.92,9.6559,alpha=0.01,69852457.51,63560615.84,19.6092,C=1  eps=0.1  kernel=rbf,96756542.07,89659484.65,27.8285,"layers=(100,)  alpha=0.001  lr=0.01",53597773.86,45165307.43,13.6628,n_est=118  membros=115,ARIMA,45209453.93499976,35507095.55204029,10.60315508568554,70,12,2,Ridge,42201045.43,-6.65
550000000,TRANSFERÊNCIA DO SALÁRIO-EDUCAÇÃO,apenas_positivos,1,123,115,2,0.0,8173257.0,6877268.53,27.1746,alpha=0.01,10569003.44,9496177.83,38.3845,C=1  eps=0.1  kernel=rbf,15349292.12,14463884.18,59.5344,"layers=(100,)  alpha=0.001  lr=0.01",7899161.13,6665496.2,26.3295,n_est=118  membros=115,ARIMA,5208684.8050466925,2815959.0040671206,9.769856505254548,70,12,2,LGBM,7899161.13,51.65
552004599,CONVÊNIO PNAE - MERENDA ESCOLAR 2 -,apenas_positivos,1,123,115,8,0.0,22881.94,21275.28,85175.0606,alpha=0.01,4833.58,4112.53,19303.9602,C=1  eps=0.1  kernel=rbf,15300.87,14755.93,66769.3521,"layers=(100,)  alpha=0.0001  lr=0.001",4529.0,4308.46,18963.0597,n_est=118  membros=115,SVR,207.99281151594303,202.76586803272605,980.25657877937,60,12,8,LGBM,4529.0,2077.48
569003619,CONVÊNIO PAR BRASIL PROFISSIONALIZADO INFRAESTRUTU -,apenas_positivos,1,123,115,9,0.0,12676.25,10709.3,10.3854,alpha=0.01,48943.18,42133.93,39.1116,C=1  eps=0.1  kernel=rbf,15215.54,13042.08,12.2968,"layers=(50, 50)  alpha=0.0001  lr=0.001",12614.84,10768.24,11.208,n_est=118  membros=115,ARIMA,21152.552670151184,17159.10788734528,15.787394300425673,69,12,9,LGBM,12614.84,-40.36
569003863,CONVÊNIO PAC 2 CONSTRUÇÃO DE QUADRAS I - PAC 2442/2011,positivos_e_negativos,1,123,115,3,0.0,40192.98,19490.52,38.4652,alpha=0.01,39041.46,28179.98,45.2298,C=1  eps=0.1  kernel=rbf,44274.46,36984.64,64.5379,"layers=(100, 50)  alpha=0.01  lr=0.001",40721.82,18334.63,37.1183,n_est=118  membros=115,SVR,37378.01367602888,24410.67261098039,42.35295399914114,68,12,3,SVR,39041.46,4.45
569003913,CONVÊNIO PAC 2 CONSTRUÇÃO DE QUADRAS II - 3583/2011,apenas_positivos,1,123,115,2,0.0,6255.69,4607.7,45.1744,alpha=0.01,9041.99,7384.92,51.1174,C=1  eps=0.1  kernel=rbf,11232.12,9314.99,52.8978,"layers=(100,)  alpha=0.001  lr=0.01",5874.27,3996.52,43.8905,n_est=118  membros=115,ARIMA,6113.121385080832,4400.3439016102,44.73267684612293,69,12,2,LGBM,5874.27,-3.91
569004243,CONVÊNIO PAR TERMO DE COMPROMISSO BRASIL PROFISSIO -,apenas_positivos,1,123,115,1,0.0,996.82,843.91,11.085,alpha=0.01,4334.05,3817.08,47.5068,C=1  eps=0.1  kernel=rbf,4457.89,3916.06,48.4987,"layers=(50, 50)  alpha=0.01  lr=0.01",931.62,823.12,11.7597,n_est=118  membros=115,MLP,918.8211619934006,823.8969209297816,11.820661872472444,69,12,1,LGBM,931.62,1.39
569004544,CONVÊNIO PROGRAMA BRASIL ALFABETIZADO III - RESOLU - PROGRAMA BRASIL ALFABETIZADO,apenas_positivos,1,123,115,3,0.0,15396.52,10346.85,10.5004,alpha=0.01,48584.48,40600.44,40.072,C=1  eps=0.1  kernel=rbf,74828.92,64740.96,64.727,"layers=(100, 50)  alpha=0.01  lr=0.001",17958.13,14293.8,15.2168,n_est=118  membros=115,MLP,18472.2541821918,11990.627243569174,11.468265052890596,69,12,3,Ridge,15396.52,-16.65
569004596,CONVÊNIO PAR TERMO DE COMPROMISSO - ROBÓTICA - 1007/2017,apenas_positivos,1,123,115,4,0.0,2327.26,2296.67,28.1059,alpha=0.01,5804.01,5002.94,54.9314,C=1  eps=0.1  kernel=rbf,1743.86,1559.31,18.5492,"layers=(100,)  alpha=0.0001  lr=0.001",4511.91,4318.18,50.7929,n_est=118  membros=115,LR,1879.050821074896,1508.8552491661012,16.24541364930537,69,12,4,MLP,1743.86,-7.19
569004611,CONVÊNIO PAR TERMO DE COMPROMISSO - 99-3 / 2018 BN - 99-3 / 2018,apenas_positivos,1,123,115,11,0.0,5541.99,4987.82,211.6041,alpha=0.01,814.82,677.03,22.6299,C=1  eps=0.1  kernel=rbf,2649.79,2146.43,74.4102,"layers=(100, 50)  alpha=0.01  lr=0.01",6458.45,5724.79,242.8257,n_est=118  membros=115,MLP,897.9556373024427,720.8604882247624,21.324760893173547,69,12,11,SVR,814.82,-9.26
569005039,CONVÊNIO PAR TERMO DE COMPROMISSO - EMENDA PARLAME - 3832-3/2021,apenas_positivos,1,123,115,1,0.0054,5.57,5.03,17.8654,alpha=0.01,4.35,3.98,14.1802,C=1  eps=0.1  kernel=rbf,3.87,3.41,12.0413,"layers=(50, 50)  alpha=0.01  lr=0.01",4.6,4.27,15.2325,n_est=118  membros=115,ARIMA,1.4351821639502909,1.119475004220012,3.9675058660801095,23,5,1,MLP,3.87,169.65
570003601,CONVÊNIO ARQUIVO PÚBLICO - 9209042/2010,apenas_positivos,1,123,115,8,0.0,331.94,293.11,9.1199,alpha=0.01,2380.85,2039.44,56.5731,C=1  eps=0.1  kernel=rbf,585.91,430.72,11.6455,"layers=(100,)  alpha=0.0001  lr=0.001",531.46,468.68,15.2398,n_est=118  membros=115,MLP,239.5009228890652,213.24714630080044,6.96298256171755,61,12,8,Ridge,331.94,38.6
600002083,CONVÊNIO PROGRAMA EXTRA TETO PÓLIO - PORTARIA Nº 1045/04,apenas_positivos,1,123,115,11,0.0,32.9,29.35,28.8486,alpha=0.01,44.64,29.22,23.7822,C=1  eps=0.1  kernel=rbf,64.47,51.52,47.2846,"layers=(100, 50)  alpha=0.01  lr=0.01",36.73,34.78,36.4552,n_est=118  membros=115,MLP,32.616280905792884,18.46170293230717,14.73497796066978,57,12,11,Ridge,32.9,0.87
600002199,CONVÊNIO PROGRAMA AGENTES COMUNITÁRIOS DE SAÚDE -  - PORTARIA Nº 2.474/04,positivos_e_negativos,0,243,18,2,0.0021,118.96,109.81,472.1079,alpha=0.01,15.62,10.5,44.9,C=1  eps=0.1  kernel=rbf,275.92,240.46,870.1258,"layers=(50, 50)  alpha=0.01  lr=0.01",15.37,11.99,47.5014,n_est=73  membros=18,MLP,10.015041909042706,7.614575741361167,27.68315267321329,52,12,2,LGBM,15.37,53.47
600002345,CONVÊNIO PROGRAMA EXTRA TETO IDOSO/2006 - PORTARIA Nº 1.343/2006,apenas_positivos,1,123,115,2,0.0,3448.15,3205.48,318.3822,alpha=0.01,1190.31,970.5,87.7782,C=1  eps=0.1  kernel=rbf,1340.42,1126.45,117.3791,"layers=(100,)  alpha=0.001  lr=0.01",454.0,404.96,42.1375,n_est=118  membros=115,MLP,475.09774539252857,460.6025425286997,47.17796960869556,47,11,2,LGBM,454.0,-4.44
600003885,CONVÊNIO PVVPS - PORTARIA Nº 2.849/2011,apenas_positivos,1,123,115,6,0.0,1166.2,1106.27,1282923.0171,alpha=0.01,335.95,320.1,367738.9939,C=1  eps=0.1  kernel=rbf,384.88,339.76,413365.2588,"layers=(100, 50)  alpha=0.0001  lr=0.001",122.99,113.54,138812.6027,n_est=118  membros=115,SVR,16.482065758067183,16.111578928912472,18796.38638338669,31,7,6,LGBM,122.99,646.21
600003904,CONVÊNIO VIGILÂNCIA EM SAÚDE - FINLACEN-VISA - PORTARIA MS Nº 2.982/2011,apenas_positivos,1,123,115,9,0.0,698.86,624.02,9.0519,alpha=0.01,2419.48,2178.98,31.5578,C=1  eps=0.1  kernel=rbf,1052.28,981.87,14.3803,"layers=(50, 50)  alpha=0.0001  lr=0.001",723.72,643.13,9.2942,n_est=118  membros=115,ARIMA,964.3342581686172,852.282242219057,12.27666791604417,70,12,9,Ridge,698.86,-27.53
600004296,CONVÊNIO PROFAPS - PORTARIAS Nº 3189,apenas_positivos,1,123,115,2,0.0,5844.83,5607.74,51.7936,alpha=0.01,9559.16,7862.52,63.3701,C=1  eps=0.1  kernel=rbf,7940.37,6255.05,50.4579,"layers=(100,)  alpha=0.001  lr=0.01",7756.65,7379.14,71.4975,n_est=118  membros=115,ARIMA,4789.240197874782,2633.25678419556,16.56071357835002,48,12,2,Ridge,5844.83,22.04
600004310,CONVÊNIO SES/PE PNA-CNCDO (CENTRAL DE TRANSPLANTE) - PORTARIA MS Nº 207/14,apenas_positivos,1,123,115,1,0.0,15869.51,15437.56,45613.5571,alpha=0.01,3081.8,2577.28,7318.7651,C=1  eps=0.1  kernel=rbf,3803.77,3258.91,10024.9982,"layers=(50, 50)  alpha=0.01  lr=0.01",11845.73,10059.69,27775.2361,n_est=118  membros=115,SVR,668.6192880723928,592.1376894194336,1657.8925714623804,50,12,1,SVR,3081.8,360.92
600004435,CONVÊNIO PROGRAMA FINLACEN -,apenas_positivos,1,123,115,2,0.0,24928.76,23791.38,1325.7556,alpha=0.01,7777.87,6596.79,366.9204,C=1  eps=0.1  kernel=rbf,7140.55,5995.03,327.0321,"layers=(100,)  alpha=0.001  lr=0.01",2149.34,1841.33,114.4621,n_est=118  membros=115,ARIMA,809.6722199019571,551.4950560253261,22.263614143422863,70,12,2,LGBM,2149.34,165.46
600004439,CONVÊNIO PRÓ-RESIDÊNCIA MÉDICA - PORTARIA Nº 961/2015,apenas_positivos,1,123,115,2,0.0,126706.58,62678.58,247.9724,alpha=0.01,144090.74,77311.9,137.6516,C=1  eps=0.1  kernel=rbf,155827.69,85828.31,96.3776,"layers=(100,)  alpha=0.001  lr=0.01",123604.69,60259.45,269.3094,n_est=118  membros=115,MLP,131389.27279033285,65642.45821727028,217.3111383207911,62,12,2,LGBM,123604.69,-5.92
600004441,CONVÊNIO FN-SUS/MICROCEFALIA/LACEN-PE - PORT. INTERM. Nº 405/2016,apenas_positivos,1,123,115,9,0.0,649.05,575.45,8.025,alpha=0.01,2615.61,2355.95,32.8958,C=1  eps=0.1  kernel=rbf,956.19,877.08,12.342,"layers=(50, 50)  alpha=0.0001  lr=0.001",963.87,822.89,11.3529,n_est=118  membros=115,ARIMA,1274.9578114149765,1136.3243299815156,15.820019924723796,70,12,9,Ridge,649.05,-49.09
600004626,CONVÊNIO FNS  A I D S ( VIGILÂNCIA EM SAÚDE ) - PORTARIA Nº 3.276/2013,apenas_positivos,1,123,115,6,0.0,560747.15,234079.56,27.1949,alpha=0.01,617405.52,338063.46,51.3457,C=1  eps=0.1  kernel=rbf,632453.02,353470.95,56.464,"layers=(100, 50)  alpha=0.0001  lr=0.001",561291.17,230537.13,25.2862,n_est=118  membros=115,ARIMA,570357.4050969095,266329.4286090947,36.60510730736603,62,12,6,Ridge,560747.15,-1.68
600004629,CONVÊNIO SES/PE PNA-CNCDO (CENTRAL DE TRANSPLANTE) - PORTARIA MS Nº 207/14,apenas_positivos,1,123,115,1,0.0,30601.77,29163.62,54.985,alpha=0.01,22396.01,12981.13,17.2066,C=1  eps=0.1  kernel=rbf,20131.94,10127.87,12.1018,"layers=(50, 50)  alpha=0.01  lr=0.01",27717.89,26440.49,48.1557,n_est=118  membros=115,LR,18755.348267127,15692.686988316387,25.00173023583252,61,12,1,MLP,20131.94,7.34
600005130,CONVÊNIO CUSTEIO DA MÉDIA E ALTA COMPLEXIDADE (MAC - PORTARIA 749 DE 06/04/2022,apenas_positivos,1,123,115,1,0.0,734.21,680.58,158.128,alpha=0.01,428.18,373.41,77.7863,C=1  eps=0.1  kernel=rbf,426.35,407.84,96.575,"layers=(50, 50)  alpha=0.01  lr=0.01",258.82,203.3,35.1328,n_est=118  membros=115,ARIMA,153.41421164938612,93.10534983464872,8.897948473388146,24,5,1,LGBM,258.82,68.71
600005160,CONVÊNIO CUSTEIO DA MÉDIA E ALTA COMPLEXIDADE (MAC - PORTARIA 748 DE 06/04/2022,apenas_positivos,1,123,115,1,0.0312,17483.57,16104.61,133.5867,alpha=0.01,10408.33,8638.76,62.848,C=1  eps=0.1  kernel=rbf,10516.37,9824.79,80.0985,"layers=(50, 50)  alpha=0.01  lr=0.01",8039.98,6547.54,44.3244,n_est=118  membros=115,ARIMA,5457.700607921866,3810.521029131732,20.583695194051742,24,6,1,LGBM,8039.98,47.31
600530001,FUNDO DE AÇÕES ESTRATÉGICAS E COMPENSAÇÃO (FAEC),apenas_positivos,0,243,18,10,0.0008,23299872.79,20101375.09,188.7447,alpha=100.0,25039357.54,21811261.08,192.7969,C=1  eps=0.1  kernel=rbf,24930837.68,21602723.23,200.6873,"layers=(100,)  alpha=0.01  lr=0.001",21716095.28,15713904.81,261.5086,n_est=73  membros=18,ARIMA,19453260.777166706,13926676.20945565,262.7829931456814,46,11,10,LGBM,21716095.28,11.63
601000000,TRANSFERÊNCIAS FUNDO A FUNDO DE RECURSOS DO SUS PROVENIENTES DO GOVERNO FEDERAL - BLOCO DE ESTRUTURAÇÃO DA REDE DE SERVIÇOS PÚBLICOS DE SAÚDE,positivos_e_negativos,1,123,115,7,0.0001,580937.85,444323.46,550133.6788,alpha=0.01,656146.59,583384.62,311166.618,C=1  eps=0.1  kernel=rbf,576160.99,458464.64,391141.9749,"layers=(50,)  alpha=0.0001  lr=0.001",573452.83,443923.03,480254.9309,n_est=118  membros=115,LR,604002.0782315074,511239.5738865632,364796.9365729998,36,9,7,LGBM,573452.83,-5.06
601003950,CONVÊNIO COMPRA DE EQUIP. PARA O HOSPITAL FERNANDE - PORTARIA Nº 3.293/2011,apenas_positivos,1,123,115,1,0.0,17.96,17.32,2008.512,alpha=0.01,5.01,3.55,370.0327,C=1  eps=0.1  kernel=rbf,3.12,2.66,293.6598,"layers=(50, 50)  alpha=0.01  lr=0.01",1.04,0.77,104.4108,n_est=118  membros=115,SVR,0.333950917126166,0.3175066466722318,35.24342271611512,48,12,1,LGBM,1.04,211.42
601003980,CONVÊNIO CONSTRUÇÃO DO LACEN - PORTARIA Nº 2.754/2012,apenas_positivos,1,123,115,6,0.0,39837.87,35943.17,20.9722,alpha=0.01,102490.98,90254.02,51.2132,C=1  eps=0.1  kernel=rbf,120381.0,103475.68,58.2617,"layers=(100, 50)  alpha=0.0001  lr=0.001",38450.9,33763.21,19.5433,n_est=118  membros=115,MLP,42638.58462537595,38129.95275146653,22.01363878464633,58,12,6,LGBM,38450.9,-9.82
601004021,CONVÊNIO BLOCO DE INVESTIMENTO - HOSPAM - PORTARIA Nº 2.497/2012,apenas_positivos,1,123,115,1,0.0,127.19,124.39,53.4257,alpha=0.01,150.6,122.34,47.7731,C=1  eps=0.1  kernel=rbf,139.31,120.58,47.3794,"layers=(50, 50)  alpha=0.01  lr=0.01",143.66,135.21,56.9717,n_est=118  membros=115,MLP,60.44281066626812,36.804326218447926,13.414779154208304,50,12,1,Ridge,127.19,110.43
601004022,CONVÊNIO BLOCO DE INVESTIMENTO - AFOGADOS DA INGAZ - PORTARIA Nº 2.497/2012,apenas_positivos,1,123,115,1,0.0,97.91,95.98,48.9678,alpha=0.01,126.14,102.94,48.0609,C=1  eps=0.1  kernel=rbf,118.77,102.5,48.0943,"layers=(50, 50)  alpha=0.01  lr=0.01",102.98,98.93,49.8751,n_est=118  membros=115,SVR,51.51818725941673,25.99425968074367,10.575916018385044,52,12,1,Ridge,97.91,90.05
601004193,CONVÊNIO AQUISIÇÃO DE EQUIPAMENTOS - PAULISTA/PE -,apenas_positivos,1,123,115,2,0.0,5719.68,5378.06,388.5461,alpha=0.01,2498.58,2334.81,137.3382,C=1  eps=0.1  kernel=rbf,2920.18,2658.58,142.4038,"layers=(100,)  alpha=0.001  lr=0.01",7398.35,6745.93,501.3849,n_est=118  membros=115,SVR,2308.3334367401853,2209.059139046428,131.44977810464573,53,12,2,SVR,2498.58,8.24
601004309,CONVÊNIO HBC - EQUIPAMENTO AMBIÊNCIA DOS SERVIÇOS  - PORTARIA Nº 2.151/2014,apenas_positivos,1,123,115,2,0.0,61.3,55.31,14.9113,alpha=0.01,262.38,230.83,52.762,C=1  eps=0.1  kernel=rbf,232.4,209.34,48.9392,"layers=(100,)  alpha=0.001  lr=0.01",117.54,103.91,27.4805,n_est=118  membros=115,ARIMA,147.26788419504777,129.559846167464,29.43535496476913,57,12,2,Ridge,61.3,-58.38
602000000,TRANSFERÊNCIAS FUNDO A FUNDO DE RECURSOS DO SUS PROVENIENTES DO GOVERNO FEDERAL - BLOCO DE MANUTENÇÃO DAS AÇÕES E SERVIÇOS PÚBLICOS DE SAÚDE – RECURSOS DESTINADOS AO ENFRENTAMENTO DA COVID-19 NO BOJO DA AÇÃO 21C0.,positivos_e_negativos,0,243,18,6,0.0005,28240006.17,27594958.8,119489.87,alpha=100.0,6926160.95,6777264.95,29115.9705,C=1  eps=0.1  kernel=rbf,13558873.13,13191115.9,56646.0031,"layers=(50, 50)  alpha=0.01  lr=0.001",15235529.84,12991650.46,55847.9934,n_est=73  membros=18,ARIMA,1890764.5039826224,810740.1128604707,1183.6874393532569,45,11,6,SVR,6926160.95,266.32
631002150,CONVÊNIO FORTALECIMENTO DO LACEN - 3686/04,apenas_positivos,1,123,115,10,0.0001,33.4,31.9,72.7402,alpha=0.01,25.38,22.62,47.9118,C=1  eps=0.1  kernel=rbf,22.16,17.74,36.8255,"layers=(50,)  alpha=0.001  lr=0.01",38.55,36.44,84.0027,n_est=118  membros=115,LR,9.20930719541935,5.394516549724105,10.163351839871284,47,11,10,MLP,22.16,140.63
631003992,CONVÊNIO REFORMA DA ESTRUTURA FÍSICA DO SETOR DE H - 778768/12,apenas_positivos,1,123,115,2,0.0,70.08,68.32,23.2234,alpha=0.01,148.39,131.74,43.6578,C=1  eps=0.1  kernel=rbf,124.9,110.41,36.9569,"layers=(100,)  alpha=0.001  lr=0.01",99.03,94.97,32.7717,n_est=118  membros=115,MLP,21.35429078834365,16.086680635240953,5.871104237242649,54,12,2,Ridge,70.08,228.18
631003993,CONVÊNIO REFORMA DAS SALAS DE CIRURGIA DE ALTA FRE - 780883/12,apenas_positivos,1,123,115,10,0.0,0.36,0.27,23.1206,alpha=0.01,0.69,0.61,58.1671,C=1  eps=0.1  kernel=rbf,0.68,0.58,54.4883,"layers=(50,)  alpha=0.001  lr=0.01",0.35,0.28,25.3646,n_est=118  membros=115,SVR,0.30802209807152,0.2488277317313793,23.13597617540844,56,12,10,LGBM,0.35,13.63
631003994,CONVÊNIO REFORMA DA EMERGÊNCIA CARDIOLÓGICA DO HOS - 780949/12,apenas_positivos,0,243,18,4,0.0022,130.67,118.63,70.6954,alpha=100.0,105.05,59.79,22.3131,C=1  eps=0.01  kernel=rbf,161.45,148.3,84.3403,"layers=(50,)  alpha=0.001  lr=0.001",95.03,60.41,24.3858,n_est=73  membros=18,SVR,84.4923185030797,64.76919134488317,29.903120408152077,53,12,4,LGBM,95.03,12.47
631004005,CONVÊNIO HGA - CONSTRUÇÃO CENTRO DE REFERÊNCIA EM  - 758070,apenas_positivos,1,123,115,2,0.0166,4754.71,4486.98,144.216,alpha=0.01,1960.04,1798.38,55.6881,C=1  eps=0.1  kernel=rbf,1109.64,990.8,32.7404,"layers=(100,)  alpha=0.001  lr=0.01",5703.73,5426.13,172.8079,n_est=118  membros=115,ARIMA,829.7150183952671,622.7209665761379,18.811294434947424,54,12,2,MLP,1109.64,33.74
631004542,CONVÊNIO 836305/2016-AQUISIÇÃO DE EQUIP E MAT PERM - 836305/2016,apenas_positivos,1,123,115,1,0.0029,5379.86,2948.39,33.6984,alpha=0.01,6108.96,3721.15,49.371,C=1  eps=0.1  kernel=rbf,5704.8,3175.69,41.7413,"layers=(50, 50)  alpha=0.01  lr=0.01",5078.0,3002.9,45.5027,n_est=118  membros=115,ARIMA,6094.063819723808,3788.927381962202,50.2091776454231,37,9,1,LGBM,5078.0,-16.67
660003929,CONVÊNIO CAPACITA SUAS 2012 - BLOCO DE FINANCIAMEN -,apenas_positivos,1,123,115,2,0.0,41444.05,16180.58,5335.1415,alpha=0.01,42749.07,13157.47,2186.091,C=1  eps=0.1  kernel=rbf,42495.44,14137.95,3859.0075,"layers=(100,)  alpha=0.001  lr=0.01",41463.59,16633.96,5614.1271,n_est=118  membros=115,LR,41875.915019936576,14521.10301278324,3803.1638167677856,67,12,2,Ridge,41444.05,-1.03
660004127,CONVÊNIO CONTRATO Nº 0328822-77/2010/MDS/CAIXA/SED - CONTRATO Nº 0328822-77/2010,positivos_e_negativos,1,123,115,6,0.0,3996.6,1908.73,12.0797,alpha=0.01,4808.66,3119.11,31.4006,C=1  eps=0.1  kernel=rbf,5091.76,3513.26,36.9108,"layers=(100, 50)  alpha=0.0001  lr=0.001",4051.31,2086.9,14.9379,n_est=118  membros=115,SVR,4120.488568406384,2391.0696892192504,26.287328590007697,67,12,6,Ridge,3996.6,-3.01
660004249,CONVÊNIO PROGRAMA DE ERRADICAÇÃO DO TRABALHO INFAN -,positivos_e_negativos,1,123,115,7,0.0,110.36,94.75,2160.308,alpha=0.01,47.33,44.15,1080.3348,C=1  eps=0.1  kernel=rbf,82.71,75.84,1946.2524,"layers=(50,)  alpha=0.0001  lr=0.001",106.21,92.52,2105.6531,n_est=118  membros=115,SVR,3.556627014254909,3.3705812071844345,89.811300365667,69,12,7,SVR,47.33,1230.76
660004647,CONVÊNIO SIGTV-PCF4 -SISTEMA DE GESTÃO DE TRANSFER -,positivos_e_negativos,1,123,115,8,0.0,12.64,9.91,12.1915,alpha=0.01,47.5,40.98,50.7527,C=1  eps=0.1  kernel=rbf,17.83,14.25,17.3209,"layers=(100,)  alpha=0.0001  lr=0.001",12.56,9.43,11.4019,n_est=118  membros=115,SVR,15.411954301498804,12.726623208098443,15.741116527512196,69,12,8,LGBM,12.56,-18.5
660004678,CONVÊNIO ESTRUTURAÇÃO DA REDE DE SERVIÇOS DE PROTE -,apenas_positivos,1,123,115,5,0.0,1977.21,893.07,38.0129,alpha=0.01,2130.02,870.75,32.7832,C=1  eps=0.1  kernel=rbf,2032.4,755.21,20.212,"layers=(50, 50)  alpha=0.001  lr=0.001",1946.1,1060.63,58.4958,n_est=118  membros=115,ARIMA,2027.0207561871769,712.4473933160899,15.734519562336391,61,12,5,LGBM,1946.1,-3.99
665004515,CONVÊNIO CONVÊNIO DE COOPERAÇÃO TÉCNICA E FINANCEI -,apenas_positivos,1,123,115,4,0.0,395.42,178.36,22.7758,alpha=0.01,457.02,263.32,50.6218,C=1  eps=0.1  kernel=rbf,433.17,234.93,40.8377,"layers=(100,)  alpha=0.0001  lr=0.001",396.56,179.43,23.1434,n_est=118  membros=115,MLP,403.17344517416615,192.2300085557586,27.232411881841784,63,12,4,Ridge,395.42,-1.92
700001519,CONVÊNIO DANCING DAYS - C.R.218.771-36/2007,apenas_positivos,0,243,18,2,0.0166,18019.09,17815.43,6460.7337,alpha=0.01,7550.66,7282.17,1725.9672,C=1  eps=0.1  kernel=rbf,31984.73,29702.77,6717.1082,"layers=(50, 50)  alpha=0.01  lr=0.01",11073.78,10336.85,1803.2047,n_est=73  membros=18,ARIMA,7508.825434276201,7394.491962676887,2161.138244738608,69,12,2,SVR,7550.66,0.56
700001870,CONVÊNIO PINTANDO A LIBERDADE III - MET 048/2002,apenas_positivos,1,123,115,3,0.0,4.07,3.28,14.3984,alpha=0.01,11.99,10.54,46.9853,C=1  eps=0.1  kernel=rbf,16.68,14.82,66.4081,"layers=(100, 50)  alpha=0.01  lr=0.001",3.65,2.81,12.2606,n_est=118  membros=115,ARIMA,5.998953051118822,5.062868406339896,22.301203403370504,64,12,3,LGBM,3.65,-39.16
700002114,CONVÊNIO FACEPE/FINEP/PAPPE - 3004025900,apenas_positivos,1,123,115,2,0.0,718.73,619.7,47.8131,alpha=0.01,707.88,531.95,40.8607,C=1  eps=0.1  kernel=rbf,1050.44,818.78,53.2905,"layers=(100,)  alpha=0.001  lr=0.01",766.92,702.63,55.3448,n_est=118  membros=115,MLP,708.6869004162988,583.3621243686533,44.9935468386565,44,11,2,SVR,707.88,-0.11
700003013,CONVÊNIO IPA / MDA MATAS SÃO FRANCISCO - MDA Nº 035/2007,apenas_positivos,1,123,115,3,0.0,99.09,86.49,4.7928,alpha=0.01,702.07,619.78,31.6271,C=1  eps=0.1  kernel=rbf,999.16,903.66,46.4308,"layers=(100, 50)  alpha=0.01  lr=0.001",337.77,282.86,14.2351,n_est=118  membros=115,MLP,274.21880014297955,223.2565756157321,11.168626684374985,68,12,3,Ridge,99.09,-63.86
700003024,CONVÊNIO FINEP - SUBVENÇÂO - 0107071700/2007-FINEP-SUBV.,apenas_positivos,1,123,115,2,0.0,655.77,565.31,47.7973,alpha=0.01,645.93,485.31,40.8513,C=1  eps=0.1  kernel=rbf,958.75,747.37,53.3064,"layers=(100,)  alpha=0.001  lr=0.01",687.39,610.51,52.1941,n_est=118  membros=115,MLP,645.5070490454169,529.3866324767382,44.71638962226211,44,11,2,SVR,645.93,0.07
700003065,"CONVÊNIO VILA DO GARRANCHO, NO MUNICIPIO DE SALGUE - CR 0233.404-90/07 MIN. CIDADES",positivos_e_negativos,1,123,115,9,0.0,173.25,86.61,139.3071,alpha=0.01,184.71,97.54,133.4162,C=1  eps=0.1  kernel=rbf,173.22,84.79,130.7203,"layers=(50, 50)  alpha=0.0001  lr=0.001",177.95,88.87,123.4549,n_est=118  membros=115,SVR,192.5588731163964,87.21936357536674,53.19494494827023,61,12,9,MLP,173.22,-10.04
700003113,CONVÊNIO IPA/MCT/ITAPIREMA - 01.0116.00/2007,apenas_positivos,1,123,115,2,0.0,4.82,3.92,14.0548,alpha=0.01,12.66,11.19,39.5144,C=1  eps=0.1  kernel=rbf,15.19,13.5,47.8268,"layers=(100,)  alpha=0.001  lr=0.01",5.13,4.02,14.2776,n_est=118  membros=115,MLP,6.663842980215462,5.720736217247595,20.153755069476567,46,11,2,Ridge,4.82,-27.67
700003266,CONVÊNIO INCLUSÃO DIGITAL DA POPULAÇÃO CARCERÁRIA  - MJ Nº 032/2007,apenas_positivos,1,123,115,3,0.0,5.82,4.65,10.2963,alpha=0.01,26.42,23.13,50.7671,C=1  eps=0.1  kernel=rbf,36.71,32.63,72.1336,"layers=(100, 50)  alpha=0.01  lr=0.001",5.94,5.19,12.5713,n_est=118  membros=115,MLP,6.3070343573671686,4.894206852571691,10.64880295524913,62,12,3,Ridge,5.82,-7.72
700003268,CONVÊNIO CAPACITAÇÃO PROFISSIONAL EM ELETRICIDADE  - MJ Nº 048/2007,apenas_positivos,1,123,115,3,0.0,0.4,0.32,10.297,alpha=0.01,1.81,1.59,50.7855,C=1  eps=0.1  kernel=rbf,2.52,2.24,72.1199,"layers=(100, 50)  alpha=0.01  lr=0.001",0.45,0.38,12.6295,n_est=118  membros=115,MLP,0.4333692786905658,0.3360837308134169,10.66714201274616,62,12,3,Ridge,0.4,-7.7
700003270,CONVÊNIO CAPACITAÇÃO PROFISSIONAL EM CORTE E COSTU - MJ Nº 055/2007,apenas_positivos,1,123,115,10,0.0,4.41,3.57,10.36,alpha=0.01,16.02,13.79,39.2178,C=1  eps=0.1  kernel=rbf,19.87,16.38,45.9463,"layers=(50,)  alpha=0.001  lr=0.01",5.33,4.21,12.354,n_est=118  membros=115,MLP,9.64097449610275,8.074253362603356,22.80300102888197,64,12,10,Ridge,4.41,-54.26
700003281,CONVÊNIO CNPQ/FACEPE-PRONEX 2008 - PROG.APOIO A NÚCL EXCELÊCIAS,apenas_positivos,1,123,115,2,0.0,56.87,50.74,57.5552,alpha=0.01,57.47,46.26,52.4571,C=1  eps=0.1  kernel=rbf,78.85,59.55,51.1359,"layers=(100,)  alpha=0.001  lr=0.01",58.27,53.49,61.5724,n_est=118  membros=115,MLP,55.833714210875605,48.85608732699362,54.59102906520318,44,11,2,Ridge,56.87,1.86
700003348,CONVÊNIO TERMO DE COMPROMISSO Nº001/2008 - 001/2008,apenas_positivos,1,123,115,2,0.0217,621.92,451.03,66.4288,alpha=0.01,822.41,511.36,54.6767,C=1  eps=0.1  kernel=rbf,788.17,520.61,64.8537,"layers=(100,)  alpha=0.001  lr=0.01",653.52,629.27,147.1626,n_est=118  membros=115,ARIMA,664.4687599681062,387.4292344940557,43.14609437733338,35,8,2,Ridge,621.92,-6.4
700003591,CONVÊNIO CT N° 0264.754-88-2008 QUADRA POLIESPORTI - CT N° 0264.754-88/2008,apenas_positivos,0,243,18,4,0.0002,1016.73,924.34,16.8164,alpha=100.0,786.29,713.34,12.9584,C=1  eps=0.01  kernel=rbf,866.51,726.74,13.0422,"layers=(50,)  alpha=0.001  lr=0.001",443.08,390.1,7.1567,n_est=73  membros=18,ARIMA,648.2873486283704,553.377706701794,9.983823394734442,70,12,4,LGBM,443.08,-31.65
700003639,CONVÊNIO CONVENIO FACEPE/CNPQ - PPP 2010 - REGISTRO SICONV 739517/2010,apenas_positivos,1,123,115,2,0.0,760.27,554.61,31.5794,alpha=0.01,951.11,593.14,27.706,C=1  eps=0.1  kernel=rbf,1224.42,881.09,43.778,"layers=(100,)  alpha=0.001  lr=0.01",826.2,710.2,45.3682,n_est=118  membros=115,ARIMA,765.9619968040809,480.31121594996586,27.991477666965125,43,10,2,Ridge,760.27,-0.74
700003640,CONVÊNIO CONVENIO FACEPE/CNPQ - PRONEM 2010 - 610031/2010,apenas_positivos,1,123,115,2,0.0,1484.63,1282.09,184.5287,alpha=0.01,1353.44,1084.46,163.4179,C=1  eps=0.1  kernel=rbf,1702.49,1448.64,133.6689,"layers=(100,)  alpha=0.001  lr=0.01",1491.37,1351.44,184.6694,n_est=118  membros=115,SVR,1360.712553822612,1053.0779753085767,137.5331473884694,44,11,2,SVR,1353.44,-0.53
700003641,CONVÊNIO CONVENIO FACEPE/CNPQ - PRONEX 2010 - REGISTRO SICONV 737440/2010,apenas_positivos,1,123,115,2,0.0,723.56,623.86,47.8134,alpha=0.01,712.64,535.53,40.861,C=1  eps=0.1  kernel=rbf,1057.5,824.28,53.2906,"layers=(100,)  alpha=0.001  lr=0.01",760.67,693.89,53.9829,n_est=118  membros=115,MLP,713.454425089679,587.2885777413271,44.99408064416278,44,11,2,SVR,712.64,-0.11
700003647,CONVÊNIO MULHERES DE TEJUCUPAPO - TC.0301.544-37/2009/MC/CAIXA,apenas_positivos,0,243,18,12,0.0443,7528.64,5179.61,26.1691,alpha=100.0,12309.68,11472.86,45.8802,C=1  eps=0.1  kernel=rbf,4468.87,3982.22,17.3384,"layers=(50, 50)  alpha=0.01  lr=0.001",8490.62,7718.32,32.226,n_est=73  membros=18,ARIMA,5527.157151699891,4919.485010442787,20.423164367044457,70,12,12,MLP,4468.87,-19.15
700003867,CONVÊNIO IMPLANTAÇÃO CENTRO REFERÊNCIA EM DIREITOS - 760720/2011-SICONV/SDH/PR,positivos_e_negativos,1,123,115,1,0.0025,2.06,2.03,215.7553,alpha=0.01,0.73,0.7,74.4858,C=1  eps=0.1  kernel=rbf,0.54,0.41,41.7306,"layers=(50, 50)  alpha=0.01  lr=0.01",2.87,2.85,303.9764,n_est=118  membros=115,MLP,0.180274791831968,0.1587132344614035,17.628129505803265,22,5,1,MLP,0.54,199.54
700003935,CONVÊNIO REFORMA DO PONTO DE CULTURA SITIO DA TRIN -,apenas_positivos,1,123,115,1,0.0,6.55,4.28,16.7776,alpha=0.01,12.14,9.92,42.1462,C=1  eps=0.1  kernel=rbf,13.46,11.16,47.8122,"layers=(50, 50)  alpha=0.01  lr=0.01",5.94,3.4,12.7327,n_est=118  membros=115,ARIMA,5.76841096735006,3.232598866419987,12.040913370185308,67,12,1,LGBM,5.94,2.97
700004189,CONVÊNIO CONSTRUÇÃO DA CADEIA PÚBLICA DE ARAÇOIABA - 778008/2012,positivos_e_negativos,0,243,18,2,0.0342,190026.86,165106.88,467.3936,alpha=0.01,53043.99,46692.52,127.8616,C=1  eps=0.1  kernel=rbf,731144.51,668272.24,1816.182,"layers=(50, 50)  alpha=0.01  lr=0.01",46499.69,39265.42,109.0664,n_est=73  membros=18,SVR,9743.57325228434,9322.215416797915,25.24894805207079,61,12,2,LGBM,46499.69,377.23
700004245,CONVÊNIO FORTE DE SANTO ANTÔNIO -,positivos_e_negativos,1,123,115,5,0.0,701.83,377.41,120.5353,alpha=0.01,547.93,219.01,39.0258,C=1  eps=0.1  kernel=rbf,624.92,294.74,82.7828,"layers=(50, 50)  alpha=0.001  lr=0.001",716.8,425.95,146.3281,n_est=118  membros=115,SVR,588.619164498666,229.0219392787872,41.57377854363837,50,12,5,SVR,547.93,-6.91
700004246,CONVÊNIO PAC 313 - FORTE DE SÃO PEDRO DO BOLDRÓ -,positivos_e_negativos,1,123,115,5,0.0,586.86,340.32,158.4208,alpha=0.01,437.02,171.34,37.5617,C=1  eps=0.1  kernel=rbf,514.66,266.29,112.9559,"layers=(50, 50)  alpha=0.001  lr=0.001",593.27,373.16,182.0873,n_est=118  membros=115,SVR,474.7177582134866,203.13181680990272,58.94041828657687,50,12,5,SVR,437.02,-7.94
700004288,CONVÊNIO INTERVENÇÃO DO ENTORNO DO TELEFÉRICO NO M -,apenas_positivos,1,123,115,2,0.0,142.51,120.2,15.1884,alpha=0.01,322.05,285.51,36.7607,C=1  eps=0.1  kernel=rbf,446.13,416.76,54.855,"layers=(100,)  alpha=0.001  lr=0.01",125.8,102.52,12.8487,n_est=118  membros=115,SVR,144.59392808998638,122.01854199830434,15.42420551909702,68,12,2,LGBM,125.8,-13.0
700004408,CONVÊNIO PAVIMENTAÇÃO DO ACESSO AO MIRANTE FREI DA -,apenas_positivos,1,123,115,2,0.0,482.71,444.17,23.4237,alpha=0.01,850.17,784.6,41.5211,C=1  eps=0.1  kernel=rbf,1143.56,1084.51,58.092,"layers=(100,)  alpha=0.001  lr=0.01",447.61,418.58,22.2301,n_est=118  membros=115,SVR,498.7662235544073,456.2999486870729,24.01711275434497,66,12,2,LGBM,447.61,-10.26
702004197,CONVÊNIO CICLOVIÁRIO DA REGIÃO METROPOLITANA DO RE - PLANO DIRETOR CICLOVIÁRIO,apenas_positivos,1,123,115,1,0.0,133.14,116.18,15.7041,alpha=0.01,759.7,672.34,75.9723,C=1  eps=0.1  kernel=rbf,779.94,694.98,78.2356,"layers=(50, 50)  alpha=0.01  lr=0.01",448.46,423.23,52.8233,n_est=118  membros=115,SVR,270.8130519172052,227.929330465212,25.018665396559943,62,12,1,Ridge,133.14,-50.84
702004226,CONVÊNIO COOPERAÇÃO TÉCNICA DE VIDEO MONITORAMENTO -,apenas_positivos,1,123,115,6,0.0,68.01,57.35,6.6583,alpha=0.01,400.14,353.32,41.1056,C=1  eps=0.1  kernel=rbf,471.32,411.01,47.7645,"layers=(100, 50)  alpha=0.0001  lr=0.001",102.62,89.39,10.3641,n_est=118  membros=115,MLP,133.38614756867085,115.79132340286394,13.403510756384406,66,12,6,Ridge,68.01,-49.01
702004281,CONVÊNIO VIDEOMONITORAMENTO ENTRE A SDS E A PREFEI - CONVÊNIO DE COOP.  08/2014,apenas_positivos,1,123,115,2,0.0,34.45,28.95,8.2258,alpha=0.01,111.52,98.92,28.4935,C=1  eps=0.1  kernel=rbf,155.11,145.54,42.6038,"layers=(100,)  alpha=0.001  lr=0.01",45.0,38.04,10.8058,n_est=118  membros=115,ARIMA,35.68234360266115,29.812014666747498,8.459290024922884,65,12,2,Ridge,34.45,-3.45
702004749,CONVÊNIO COOPERAÇÃO TÉCNICA ADM. E FINANCEIRA ENTR - CONVÊNIO 009/2019-GGPPE/SDS,apenas_positivos,0,243,18,1,0.0085,136905.18,128746.87,22023.0476,alpha=10.0,97012.39,90321.81,16962.4978,C=1  eps=0.1  kernel=rbf,211155.51,189759.24,29088.9479,"layers=(50, 50)  alpha=0.01  lr=0.01",196153.22,174695.81,27501.7059,n_est=73  membros=18,MLP,98214.4623352352,85627.47718607773,16093.624278095143,56,12,1,SVR,97012.39,-1.22
702005118,CONVÊNIO CONVÊNIO ENTRE A SDS E A PREFEITURA MUNIC - 009/2021,apenas_positivos,1,123,115,6,0.003,13026.6,12316.8,9871.2755,alpha=0.01,7480.94,7126.46,5706.9244,C=1  eps=0.1  kernel=rbf,10671.35,10276.73,8276.3998,"layers=(100, 50)  alpha=0.0001  lr=0.001",766.04,758.27,615.0454,n_est=118  membros=115,MLP,11.031947857504637,10.385939320933073,8.362664834413337,36,8,6,LGBM,766.04,6843.83
703004276,CONVÊNIO TERMO DE COOPERAÇÃO TÉCNICA-FINANCEIRA Nº - 001/2013,apenas_positivos,1,123,115,2,0.0,0.22,0.14,10.7272,alpha=0.01,0.21,0.16,15.3145,C=1  eps=0.1  kernel=rbf,0.29,0.27,43.2625,"layers=(100,)  alpha=0.001  lr=0.01",0.21,0.11,3.8024,n_est=118  membros=115,ARIMA,0.2146625258399798,0.1280000000000002,7.648324581822183,24,5,2,SVR,0.21,-2.17
703004277,CONVÊNIO ITEP- BOLSA COMPLEMENTAR 2014 -,apenas_positivos,1,123,115,2,0.0,13.24,11.48,48.3441,alpha=0.01,13.0,9.86,41.3161,C=1  eps=0.1  kernel=rbf,18.88,14.62,51.9025,"layers=(100,)  alpha=0.001  lr=0.01",13.86,12.51,53.2878,n_est=118  membros=115,MLP,12.48922356742911,8.033678489779385,30.44911779427081,44,11,2,SVR,13.0,4.09
703004361,CONVÊNIO FACEPE/PITEC-FIAT -,apenas_positivos,1,123,115,2,0.0,12900.53,4625.12,52.0446,alpha=0.01,12952.84,4488.12,44.7969,C=1  eps=0.1  kernel=rbf,13457.32,4938.31,54.8272,"layers=(100,)  alpha=0.001  lr=0.01",12883.09,4658.48,54.7269,n_est=118  membros=115,ARIMA,12897.084189756475,4640.970460302567,53.30715138760032,44,11,2,LGBM,12883.09,-0.11
703004500,CONVÊNIO PITEC 4ª RODADA - KURIER TECNOLOGIA EM IN -,apenas_positivos,1,123,115,2,0.0,254.38,219.19,47.7417,alpha=0.01,250.7,187.64,40.6838,C=1  eps=0.1  kernel=rbf,377.28,295.13,54.2091,"layers=(100,)  alpha=0.001  lr=0.01",258.08,225.6,49.7875,n_est=118  membros=115,MLP,239.76726719055856,154.645150552202,30.893843915378405,44,11,2,SVR,250.7,4.56
752000000,RECURSOS VINCULADOS AO TRÂNSITO,positivos_e_negativos,0,243,18,1,0.0078,4192250.48,3657763.13,137.1369,alpha=10.0,4792841.51,4217111.97,139.7417,C=1  eps=0.1  kernel=rbf,3951296.05,3185169.37,140.5117,"layers=(50, 50)  alpha=0.01  lr=0.01",4087618.39,3417517.26,131.7564,n_est=73  membros=18,LR,4559764.792735624,4037325.729967391,138.28163562150343,70,12,1,MLP,3951296.05,-13.34
753000000,RECURSOS PROVENIENTES DE TAXAS E CONTRIBUIÇÕES E PREÇOS PÚBLICOS,positivos_e_negativos,1,123,115,1,0.0234,53121863.38,49561724.93,83.7701,alpha=0.01,18798320.22,15148162.13,23.9632,C=1  eps=0.1  kernel=rbf,11648265.75,10325416.59,16.0255,"layers=(50, 50)  alpha=0.01  lr=0.01",12230743.99,7483164.02,10.5446,n_est=118  membros=115,LR,17194125.342685662,16476611.873149164,26.78215607657001,70,12,1,MLP,11648265.75,-32.25
753220201,"RECURSOS PROVENIENTES DE TAXAS, CONTRIBUIÇÕES E PREÇOS PÚBLICOS - ADAGRO",apenas_positivos,1,123,115,12,0.0,330029.52,261090.35,17.8956,alpha=0.01,408330.5,358179.93,25.4387,C=1  eps=0.1  kernel=rbf,408084.39,341492.76,23.8189,"layers=(100, 50)  alpha=0.01  lr=0.001",390707.18,334592.41,23.5191,n_est=118  membros=115,MLP,169970.25598329992,136507.44356558783,9.94267015017236,70,12,12,Ridge,330029.52,94.17
753610801,"RECURSOS PROVENIENTES DE TAXAS, CONTRIBUIÇÕES E PREÇOS PÚBLICOS - MULTAS CPRH",apenas_positivos,1,123,115,3,0.0005,153942.18,131715.87,42.579,alpha=0.01,252336.12,203639.57,45.8514,C=1  eps=0.1  kernel=rbf,354249.83,313460.96,77.8007,"layers=(100, 50)  alpha=0.01  lr=0.001",146337.7,128889.45,43.4226,n_est=118  membros=115,MLP,109497.80219065116,89652.27408775123,22.257058822517664,35,8,3,LGBM,146337.7,33.64
759150000,RECURSOS VINCULADOS A FUNDOS - FUNDO APERF. TCE,apenas_positivos,1,123,115,3,0.0,188287.14,119095.74,15.3726,alpha=0.01,331968.88,267645.94,35.4795,C=1  eps=0.1  kernel=rbf,447315.6,391846.95,54.6743,"layers=(100, 50)  alpha=0.01  lr=0.001",207891.63,139310.05,17.5253,n_est=118  membros=115,SVR,180785.3315116237,126033.18335959502,17.560528056625724,70,12,3,Ridge,188287.14,4.15
759240000,RECURSOS VINCULADOS A FUNDOS - FERM,apenas_positivos,1,123,115,5,0.0,12814166.92,10168009.15,17.1266,alpha=0.01,19526291.69,15824975.78,26.6102,C=1  eps=0.1  kernel=rbf,23311313.52,19140187.62,32.3582,"layers=(50, 50)  alpha=0.001  lr=0.001",14399040.59,10908828.68,17.9238,n_est=118  membros=115,SVR,6324915.580834131,5342416.625894214,10.7740762612133,70,12,5,Ridge,12814166.92,102.6
759260101,RECURSOS VINCULADOS A FUNDOS - FUNTEC,positivos_e_negativos,1,123,115,1,0.0,353251.82,146499.06,27.0055,alpha=0.01,332757.02,221191.49,41.6656,C=1  eps=0.1  kernel=rbf,336009.01,264807.97,51.1206,"layers=(50, 50)  alpha=0.01  lr=0.01",353907.87,152464.06,28.536,n_est=118  membros=115,LR,329584.56210264366,153338.91110896805,28.33449418112283,70,12,1,SVR,332757.02,0.96
759410301,RECURSOS VINCULADOS A FUNDOS - FUPES,positivos_e_negativos,1,123,115,3,0.0,43413.85,31430.86,92.7602,alpha=0.01,58664.31,38736.99,81.2109,C=1  eps=0.1  kernel=rbf,61524.71,41917.13,89.0367,"layers=(100, 50)  alpha=0.01  lr=0.001",57093.28,37476.94,75.7043,n_est=118  membros=115,ARIMA,53716.53183395597,32362.57629023878,60.973661793002506,66,12,3,Ridge,43413.85,-19.18
759460000,RECURSOS VINCULADOS A FUNDOS - FURPE,apenas_positivos,1,123,115,3,0.0,1999892.33,1831972.47,52.0238,alpha=0.01,1181443.76,790446.89,19.5296,C=1  eps=0.1  kernel=rbf,1646087.31,1259840.97,27.3558,"layers=(100, 50)  alpha=0.01  lr=0.001",1769863.13,1452599.4,39.0466,n_est=118  membros=115,MLP,1247472.1873395226,952867.0326566808,23.481892508415623,64,12,3,SVR,1181443.76,-5.29
759480101,RECURSOS VINCULADOS A FUNDOS - FUNCULTURA - PROJETOS DE PRODUTORES CULTURAIS,apenas_positivos,0,243,18,1,0.0011,2646795.38,2477690.28,1653.3259,alpha=10.0,2178924.28,1890149.57,1111.5799,C=1  eps=0.1  kernel=rbf,3668640.41,3375849.72,2706.7803,"layers=(50, 50)  alpha=0.01  lr=0.01",3847588.85,3349152.42,2956.6914,n_est=73  membros=18,MLP,2189664.834056563,1873572.703792806,1044.0288878900153,69,12,1,SVR,2178924.28,-0.49
759520000,RECURSOS VINCULADOS A FUNDOS - INOVAR-PE,positivos_e_negativos,0,243,18,12,0.0,3288008.09,2370510.29,171.0224,alpha=100.0,3115548.0,2046814.31,89.537,C=1  eps=0.1  kernel=rbf,2751256.55,2067305.39,150.1279,"layers=(50, 50)  alpha=0.01  lr=0.001",2817093.15,1939772.17,92.8017,n_est=73  membros=18,MLP,2722266.593558606,1709314.4874230472,69.10832380334422,69,12,12,MLP,2751256.55,1.06
759530000,RECURSOS VINCULADOS A FUNDOS - FUNPGE,apenas_positivos,0,243,18,1,0.017,2225354.93,1371873.07,50.5282,alpha=10.0,2238472.16,1384821.98,51.6467,C=1  eps=0.1  kernel=rbf,2179955.01,1335744.0,50.3974,"layers=(50, 50)  alpha=0.01  lr=0.01",2172749.73,1342449.21,54.1818,n_est=73  membros=18,MLP,2177663.93832687,1336657.911026223,50.71467781200978,70,12,1,LGBM,2172749.73,-0.23
759540000,RECURSOS VINCULADOS A FUNDOS - FDIMPPE,positivos_e_negativos,0,243,18,6,0.0007,224121.59,76367.26,45.3724,alpha=100.0,238738.76,94420.24,73.1959,C=1  eps=0.1  kernel=rbf,251424.3,91435.78,56.5894,"layers=(50, 50)  alpha=0.01  lr=0.001",228112.86,122157.58,171.5191,n_est=73  membros=18,MLP,226564.4364131916,79291.36059761004,47.90282987903076,70,12,6,Ridge,224121.59,-1.08
759570000,RECURSOS VINCULADOS A FUNDOS - FUNSEG,apenas_positivos,1,123,115,2,0.0,211416.06,169495.34,10.5253,alpha=0.01,354801.17,314421.36,19.9831,C=1  eps=0.1  kernel=rbf,610278.26,574092.35,37.0481,"layers=(100,)  alpha=0.001  lr=0.01",237359.58,199419.94,12.4427,n_est=118  membros=115,SVR,132218.9008571937,101303.261022334,6.555552770263719,65,12,2,Ridge,211416.06,59.9
759590000,RECURSOS VINCULADOS A FUNDOS - FUNREPOL,positivos_e_negativos,1,123,115,1,0.0,561950.11,296390.87,28.927,alpha=0.01,589591.53,433640.66,45.7168,C=1  eps=0.1  kernel=rbf,609863.17,492520.0,53.0782,"layers=(50, 50)  alpha=0.01  lr=0.01",558910.02,302557.38,29.9725,n_est=118  membros=115,LR,554237.8452085046,359119.15677666286,36.770539585720826,58,12,1,LGBM,558910.02,0.84
761000000,RECURSOS VINCULADOS AO FUNDO DE COMBATE E ERRADICAÇÃO DA POBREZA,apenas_positivos,1,123,115,2,0.0,12124898.17,11485827.32,41.0675,alpha=0.01,5593550.63,4511075.1,14.8988,C=1  eps=0.1  kernel=rbf,4686050.73,3725874.63,13.1583,"layers=(100,)  alpha=0.001  lr=0.01",9783662.08,9068118.97,32.8577,n_est=118  membros=115,MLP,4469495.062763208,2519773.1785928835,8.213432044218678,70,12,2,MLP,4686050.73,4.85
799012006,CPRH/ S/A PAULISTA,apenas_positivos,1,123,115,1,0.0,137.89,122.59,22.6394,alpha=0.01,207.85,191.34,35.8014,C=1  eps=0.1  kernel=rbf,294.17,275.88,52.0771,"layers=(50, 50)  alpha=0.01  lr=0.01",174.78,158.21,29.4289,n_est=118  membros=115,ARIMA,170.08241625570162,155.29747525325834,28.96531190902196,39,9,1,Ridge,137.89,-18.93
799012010,CPHR/ PETROQUÍMICASUAPE,positivos_e_negativos,1,123,115,1,0.0,27065.18,21001.46,29.7455,alpha=0.01,32765.05,24774.03,34.3521,C=1  eps=0.1  kernel=rbf,47679.5,36772.3,51.5238,"layers=(50, 50)  alpha=0.01  lr=0.01",23856.64,16825.91,22.7586,n_est=118  membros=115,ARIMA,25069.021317754305,18063.226359777665,24.53926957284269,61,12,1,LGBM,23856.64,-4.84
799012014,CTR IPOJUCA,apenas_positivos,1,123,115,1,0.0,6979.55,6370.62,23.4937,alpha=0.01,13037.87,12220.38,45.5788,C=1  eps=0.1  kernel=rbf,18344.85,16698.23,61.4165,"layers=(50, 50)  alpha=0.01  lr=0.01",7207.82,6508.79,23.9102,n_est=118  membros=115,ARIMA,9822.405213056096,9035.3772239128,33.39134359980169,38,9,1,Ridge,6979.55,-28.94
799012015,TCA 001/2015 - CPRH /MIN,apenas_positivos,1,123,115,10,0.0,18309.63,15522.98,25.3524,alpha=0.01,32002.9,26243.06,37.516,C=1  eps=0.1  kernel=rbf,24520.67,19304.12,27.3646,"layers=(50,)  alpha=0.001  lr=0.01",21275.75,18754.86,29.6849,n_est=118  membros=115,SVR,16021.780851238842,14366.505873009852,27.54514186221525,63,12,10,Ridge,18309.63,14.28
799012016,TCA 003/2015 - ECOPESA AMBIENTAL,apenas_positivos,1,123,115,1,0.0,2069.36,1901.3,48.1801,alpha=0.01,2454.31,2208.87,55.3453,C=1  eps=0.1  kernel=rbf,3289.35,2890.6,71.6115,"layers=(50, 50)  alpha=0.01  lr=0.01",2015.91,1836.4,46.2883,n_est=118  membros=115,MLP,832.2861912614484,686.3204738287405,16.695192742834244,63,12,1,LGBM,2015.91,142.21
799022006,CPRH/MGRBA,apenas_positivos,1,123,115,1,0.0,2246.96,1944.86,27.9023,alpha=0.01,3377.66,2881.34,41.1093,C=1  eps=0.1  kernel=rbf,4852.8,4047.2,57.3247,"layers=(50, 50)  alpha=0.01  lr=0.01",1876.52,1578.47,22.3991,n_est=118  membros=115,MLP,1775.0477597908484,1446.5685747038217,20.44112154182077,63,12,1,LGBM,1876.52,5.72
799022010,CPRH/ SETUR/PE,apenas_positivos,1,123,115,1,0.0,799.59,692.6,28.2254,alpha=0.01,1192.56,1017.64,41.2372,C=1  eps=0.1  kernel=rbf,1715.52,1430.66,57.5451,"layers=(50, 50)  alpha=0.01  lr=0.01",720.79,606.54,24.4501,n_est=118  membros=115,ARIMA,805.9828099438598,687.8008333333333,27.86994450376644,63,12,1,LGBM,720.79,-10.57
799022013,CPRH / L. P. DO PAIVA / COMPESA,apenas_positivos,1,123,115,1,0.0,1491.57,1292.89,28.5389,alpha=0.01,2208.19,1884.89,41.3672,C=1  eps=0.1  kernel=rbf,3180.13,2651.84,57.7593,"layers=(50, 50)  alpha=0.01  lr=0.01",1205.89,1007.99,21.9805,n_est=118  membros=115,ARIMA,1488.319143253556,1270.0875,27.870206090529663,62,12,1,LGBM,1205.89,-18.98
799022014,TCA 001 / 2014 - PETROQUÝMICA SUAPE,apenas_positivos,1,123,115,10,0.0,59989.05,52574.17,42.8095,alpha=0.01,84325.89,79996.03,68.3365,C=1  eps=0.1  kernel=rbf,71027.53,64380.92,53.4002,"layers=(50,)  alpha=0.001  lr=0.01",58093.58,53535.42,44.8774,n_est=118  membros=115,SVR,13476.06410264834,11796.965997997298,10.634848102470102,63,12,10,LGBM,58093.58,331.09
799022016,TCA 002/2015 - SECID,apenas_positivos,1,123,115,1,0.0,6522.34,5811.9,30.2224,alpha=0.01,9281.97,7945.07,40.6351,C=1  eps=0.1  kernel=rbf,13751.84,11609.79,59.1927,"layers=(50, 50)  alpha=0.01  lr=0.01",6098.14,5318.31,27.3967,n_est=118  membros=115,MLP,5229.145650876096,4400.127062077624,22.340180845440276,63,12,1,LGBM,6098.14,16.62
799032013,CPRH / B. ENG. MARANHÒO / COMPESA,apenas_positivos,1,123,115,2,0.0,3514.36,2997.94,23.0976,alpha=0.01,4802.1,4127.63,31.98,C=1  eps=0.1  kernel=rbf,8304.41,7511.39,59.8591,"layers=(100,)  alpha=0.001  lr=0.01",3602.25,3027.75,23.1991,n_est=118  membros=115,ARIMA,3812.082183039552,3241.063603436144,24.93907242566047,63,12,2,Ridge,3514.36,-7.81
799042013,CPRH / B. ENG. PEREIRA / COMPESA,apenas_positivos,1,123,115,10,0.0,6426.01,5626.46,41.9428,alpha=0.01,8825.48,8341.56,65.1007,C=1  eps=0.1  kernel=rbf,7611.31,6879.12,52.1796,"layers=(50,)  alpha=0.001  lr=0.01",6482.29,5948.07,45.545,n_est=118  membros=115,ARIMA,4393.049467816079,3742.692807697873,27.560602543024764,63,12,10,Ridge,6426.01,46.28
799042016,TCA  027/2016  -  BARRAGEM SERRO AZUL,apenas_positivos,1,123,115,1,0.0,34344.2,31050.74,99.0061,alpha=0.01,50866.87,45635.47,98.0924,C=1  eps=0.1  kernel=rbf,60437.19,53298.47,92.5142,"layers=(50, 50)  alpha=0.01  lr=0.01",33284.49,29721.2,106.9192,n_est=118  membros=115,ARIMA,24843.47066827688,20658.073147904342,111.893518071321,68,12,1,LGBM,33284.49,33.98
799052013,CPRH / FIAT,positivos_e_negativos,1,123,115,2,0.0,14985.62,13008.55,28.1678,alpha=0.01,18062.16,15643.39,33.907,C=1  eps=0.1  kernel=rbf,30674.41,27873.39,62.09,"layers=(100,)  alpha=0.001  lr=0.01",16278.59,14601.26,32.1399,n_est=118  membros=115,ARIMA,13735.827230620594,11688.406002215235,25.103228471044524,62,12,2,Ridge,14985.62,9.1
799052016,TCA  059/2016  -  CTR CARUARU,apenas_positivos,1,123,115,1,0.0,1499.55,1458.56,104.9026,alpha=0.01,809.67,733.9,53.3414,C=1  eps=0.1  kernel=rbf,867.83,825.88,58.973,"layers=(50, 50)  alpha=0.01  lr=0.01",1196.53,1066.16,73.6867,n_est=118  membros=115,LR,82.02671543084996,62.65796092609225,4.325537752575369,39,9,1,SVR,809.67,887.08
799062013,CPRH / RNEST / PETROBRSSS,positivos_e_negativos,1,123,115,1,0.0,746990.73,674560.6,31.3863,alpha=0.01,1095747.35,945491.63,43.2081,C=1  eps=0.1  kernel=rbf,1673704.89,1411986.86,64.1591,"layers=(50, 50)  alpha=0.01  lr=0.01",447791.63,392655.09,18.0739,n_est=118  membros=115,MLP,509707.8458679881,429521.5094434768,19.56204585865206,64,12,1,LGBM,447791.63,-12.15
799062016,ATERRO SANITSSRIO DE CARUARU - TCA   063/2016,apenas_positivos,1,123,115,1,0.0,367.55,327.27,21.6791,alpha=0.01,656.55,609.56,41.0461,C=1  eps=0.1  kernel=rbf,1011.15,955.07,64.8832,"layers=(50, 50)  alpha=0.01  lr=0.01",367.57,326.7,21.6516,n_est=118  membros=115,MLP,438.9171892563377,392.32797572105466,26.010490465093657,39,9,1,Ridge,367.55,-16.26
799072013,CPRH/CTR PETROLINA,positivos_e_negativos,1,123,115,1,0.0,218.86,180.98,25.6584,alpha=0.01,324.35,260.25,36.4172,C=1  eps=0.1  kernel=rbf,466.91,371.64,52.0655,"layers=(50, 50)  alpha=0.01  lr=0.01",195.92,155.24,21.6351,n_est=118  membros=115,ARIMA,206.78658575932823,165.3716666666667,23.178106760135588,58,12,1,LGBM,195.92,-5.25
799102013,CPRH/ESTALEIRO PROMAR,apenas_positivos,1,123,115,1,0.0,13306.46,12530.07,53.2508,alpha=0.01,15498.95,14611.86,62.1375,C=1  eps=0.1  kernel=rbf,19436.01,17881.56,75.1951,"layers=(50, 50)  alpha=0.01  lr=0.01",13143.61,12407.19,52.7981,n_est=118  membros=115,LR,4977.137053882782,4313.123709590544,17.660973471653307,63,12,1,LGBM,13143.61,164.08
799112013,CPRH / B. BREJÂO / SRHE,apenas_positivos,1,123,115,1,0.0,215.97,208.39,47669.731,alpha=0.01,72.93,62.01,13801.2857,C=1  eps=0.1  kernel=rbf,71.71,70.55,16359.4417,"layers=(50, 50)  alpha=0.01  lr=0.01",21.62,20.52,4669.4436,n_est=118  membros=115,MLP,0.0491750070955442,0.0420270247322201,9.33983837961491,25,6,1,LGBM,21.62,43865.42
799122013,CONTORNO DO CABO / SUAPE,apenas_positivos,1,123,115,1,0.0,9508.16,7388.93,33.8323,alpha=0.01,11733.29,9457.38,43.6811,C=1  eps=0.1  kernel=rbf,15672.34,13010.91,61.2341,"layers=(50, 50)  alpha=0.01  lr=0.01",9252.31,7098.31,32.1963,n_est=118  membros=115,MLP,8334.73875144023,6019.987526010283,26.54938632185047,63,12,1,LGBM,9252.31,11.01
799662005,CPRH / CAMARGO CORREIA,positivos_e_negativos,1,123,115,1,0.0,15825.53,8496.87,38.8236,alpha=0.01,19173.78,11753.56,54.3687,C=1  eps=0.1  kernel=rbf,19831.61,13460.49,67.9164,"layers=(50, 50)  alpha=0.01  lr=0.01",19007.26,10809.34,46.222,n_est=118  membros=115,ARIMA,17728.072605156136,8349.71978127224,30.2606088216326,62,12,1,Ridge,15825.53,-10.73
799812005,CPRH/BRAVEL,apenas_positivos,1,123,115,10,0.0,5493.1,4942.42,49.1712,alpha=0.01,8045.31,7710.42,79.9339,C=1  eps=0.1  kernel=rbf,6573.17,6118.89,62.0763,"layers=(50,)  alpha=0.001  lr=0.01",6310.82,5950.87,61.005,n_est=118  membros=115,ARIMA,3737.658751208822,3107.9766741771987,29.81907202402367,62,12,10,Ridge,5493.1,46.97
800000000,RECURSOS VINCULADOS AO RPPS - FUNDO EM CAPITALIZAÇÃO (PLANO PREVIDENCIÁRIO),apenas_positivos,1,123,115,2,0.0,14677827.49,13784537.17,41.2406,alpha=0.01,18240561.99,17236118.4,51.8564,C=1  eps=0.1  kernel=rbf,24374375.73,23382153.77,70.9932,"layers=(100,)  alpha=0.001  lr=0.01",14914610.48,14191849.7,42.8142,n_est=118  membros=115,ARIMA,8396442.200140517,7867100.116531968,23.61866002807928,54,12,2,Ridge,14677827.49,74.81
801000000,RECURSOS VINCULADOS AO RPPS - FUNDO EM REPARTIÇÃO (PLANO FINANCEIRO),apenas_positivos,1,123,115,12,0.0,245080568.14,229580260.36,91.8258,alpha=0.01,238406370.68,222984180.12,88.7743,C=1  eps=0.1  kernel=rbf,344434609.98,313807943.96,125.9569,"layers=(100, 50)  alpha=0.01  lr=0.001",106867718.21,102731516.76,39.7761,n_est=118  membros=115,MLP,58465572.473126896,33740718.1326601,10.729136885295684,70,12,12,LGBM,106867718.21,82.79
803000000,RECURSOS VINCULADOS AO SISTEMA DE PROTEÇÃO SOCIAL DOS MILITARES (SPSM),apenas_positivos,0,243,18,12,0.0079,10337864.46,8815117.83,21.9132,alpha=100.0,10253602.55,5836685.0,12.5185,C=1  eps=0.1  kernel=rbf,10334830.64,6633695.11,15.5697,"layers=(50, 50)  alpha=0.01  lr=0.001",8580053.53,5962617.94,13.9863,n_est=73  membros=18,SVR,9243874.243699774,5622994.726189115,12.458659588304029,70,12,12,LGBM,8580053.53,-7.18
