timestamp,Codigo,Nome,Grupo_Sinal,Shift_Value,Melhor_Modelo,Params_ARIMA,Params_LR,Params_SVR,Params_MLP
20260527_095838,500000000,RECURSOS NÃO VINCULADOS DE IMPOSTOS,apenas_positivos,0.0,SVR,"(2,2,3)",Ridge(alpha=10.0),"{'C': 1, 'epsilon': 1, 'kernel': 'rbf'}","{'hidden_layer_sizes': (50,), 'alpha': 0.01, 'learning_rate_init': 0.01}"
20260527_095838,500410000,RECURSOS NÃO VINCULADOS DE IMPOSTOS - ISS,positivos_e_negativos,0.0,ARIMA,"(2,1,1)",Ridge(alpha=100.0),"{'C': 0.1, 'epsilon': 0.1, 'kernel': 'linear'}","{'hidden_layer_sizes': (100,), 'alpha': 0.01, 'learning_rate_init': 0.001}"
20260527_095838,500710000,RECURSOS NÃO VINCULADOS DE IMPOSTOS - TRANSF FES,apenas_positivos,0.0,LR,"(2,1,1)",Ridge(alpha=100.0),"{'C': 0.1, 'epsilon': 1, 'kernel': 'rbf'}","{'hidden_layer_sizes': (100, 50), 'alpha': 0.0001, 'learning_rate_init': 0.001}"
20260527_095838,501020001,OUTROS RECURSOS NÃO VINCULADOS - TCE,positivos_e_negativos,0.0,SVR,"(0,1,2)",Ridge(alpha=10.0),"{'C': 100, 'epsilon': 0.1, 'kernel': 'linear'}","{'hidden_layer_sizes': (100,), 'alpha': 0.0001, 'learning_rate_init': 0.01}"
20260527_095838,501130201,RECURSOS PRÓPRIOS DA SECRETARIA EXECUTIVA DE RESSOCIALIZAÇÃO - SERES,apenas_positivos,0.0,SVR,"(2,1,0)",Ridge(alpha=0.01),"{'C': 1, 'epsilon': 0.01, 'kernel': 'linear'}","{'hidden_layer_sizes': (100, 50), 'alpha': 0.0001, 'learning_rate_init': 0.001}"
20260527_095838,501140107,OUTROS RECURSOS NÃO VINCULADOS - CONSERVATÓRIO DE MÚSICA,apenas_positivos,0.0,LR,"(3,1,3)",Ridge(alpha=0.01),"{'C': 10, 'epsilon': 0.1, 'kernel': 'rbf'}","{'hidden_layer_sizes': (100,), 'alpha': 0.01, 'learning_rate_init': 0.001}"
20260527_095838,501150003,OUTROS RECURSOS NÃO VINCULADOS - FEEF,apenas_positivos,0.0,MLP,"(2,1,3)",Ridge(alpha=0.01),"{'C': 100, 'epsilon': 0.01, 'kernel': 'linear'}","{'hidden_layer_sizes': (50,), 'alpha': 0.001, 'learning_rate_init': 0.01}"
20260527_095838,501420341,OUTROS RECURSOS NÃO VINCULADOS - PECONSIG,apenas_positivos,0.0,MLP,"(1,1,2)",Ridge(alpha=10.0),"{'C': 0.1, 'epsilon': 0.01, 'kernel': 'linear'}","{'hidden_layer_sizes': (100,), 'alpha': 0.0001, 'learning_rate_init': 0.01}"
20260527_095838,501560801,OUTROS RECURSOS NÃO VINCULADOS - ARENA PERNAMBUCO,positivos_e_negativos,0.0,MLP,"(1,1,3)",Ridge(alpha=0.01),"{'C': 1, 'epsilon': 0.01, 'kernel': 'rbf'}","{'hidden_layer_sizes': (100, 50), 'alpha': 0.0001, 'learning_rate_init': 0.001}"
20260527_095838,501560802,OUTROS RECURSOS NÃO VINCULADOS - CAIS DO SERTÃO,apenas_positivos,0.0,MLP,"(0,0,2)",Ridge(alpha=100.0),"{'C': 0.1, 'epsilon': 1, 'kernel': 'linear'}","{'hidden_layer_sizes': (100, 50), 'alpha': 0.001, 'learning_rate_init': 0.001}"
20260527_095838,501610801,OUTROS RECURSOS NÃO VINCULADOS - MULTAS CPRH,apenas_positivos,0.0,MLP,"(2,0,2)",Ridge(alpha=0.01),"{'C': 1, 'epsilon': 0.1, 'kernel': 'linear'}","{'hidden_layer_sizes': (100,), 'alpha': 0.01, 'learning_rate_init': 0.01}"
20260527_095838,540000000,TRANSFERÊNCIAS DO FUNDEB - IMPOSTOS E TRANSFERÊNCIAS DE IMPOSTOS,apenas_positivos,0.0,ARIMA,"(1,1,1)",Ridge(alpha=0.01),"{'C': 1, 'epsilon': 1, 'kernel': 'linear'}","{'hidden_layer_sizes': (50,), 'alpha': 0.01, 'learning_rate_init': 0.001}"
20260527_095838,550000000,TRANSFERÊNCIA DO SALÁRIO-EDUCAÇÃO,apenas_positivos,0.0,ARIMA,"(0,1,2)",Ridge(alpha=0.01),"{'C': 100, 'epsilon': 0.1, 'kernel': 'linear'}","{'hidden_layer_sizes': (50,), 'alpha': 0.01, 'learning_rate_init': 0.001}"
20260527_095838,552004599,CONVÊNIO PNAE - MERENDA ESCOLAR 2 -,apenas_positivos,0.0,SVR,"(0,1,3)",Ridge(alpha=0.01),"{'C': 0.1, 'epsilon': 0.01, 'kernel': 'linear'}","{'hidden_layer_sizes': (100,), 'alpha': 0.0001, 'learning_rate_init': 0.001}"
20260527_095838,569003619,CONVÊNIO PAR BRASIL PROFISSIONALIZADO INFRAESTRUTU -,apenas_positivos,0.0,ARIMA,"(1,1,3)",Ridge(alpha=10.0),"{'C': 10, 'epsilon': 0.1, 'kernel': 'linear'}","{'hidden_layer_sizes': (100, 50), 'alpha': 0.01, 'learning_rate_init': 0.01}"
20260527_095838,569003863,CONVÊNIO PAC 2 CONSTRUÇÃO DE QUADRAS I - PAC 2442/2011,positivos_e_negativos,0.0,SVR,"(0,1,2)",Ridge(alpha=0.01),"{'C': 100, 'epsilon': 0.01, 'kernel': 'linear'}","{'hidden_layer_sizes': (50,), 'alpha': 0.01, 'learning_rate_init': 0.001}"
20260527_095838,569003913,CONVÊNIO PAC 2 CONSTRUÇÃO DE QUADRAS II - 3583/2011,apenas_positivos,0.0,ARIMA,"(1,1,3)",Ridge(alpha=1.0),"{'C': 1, 'epsilon': 0.01, 'kernel': 'linear'}","{'hidden_layer_sizes': (50, 50), 'alpha': 0.001, 'learning_rate_init': 0.01}"
20260527_095838,569004243,CONVÊNIO PAR TERMO DE COMPROMISSO BRASIL PROFISSIO -,apenas_positivos,0.0,MLP,"(0,1,1)",Ridge(alpha=0.01),"{'C': 100, 'epsilon': 0.1, 'kernel': 'linear'}","{'hidden_layer_sizes': (50, 50), 'alpha': 0.0001, 'learning_rate_init': 0.01}"
20260527_095838,569004544,CONVÊNIO PROGRAMA BRASIL ALFABETIZADO III - RESOLU - PROGRAMA BRASIL ALFABETIZADO,apenas_positivos,0.0,MLP,"(1,1,3)",Ridge(alpha=10.0),"{'C': 100, 'epsilon': 0.1, 'kernel': 'linear'}","{'hidden_layer_sizes': (50,), 'alpha': 0.0001, 'learning_rate_init': 0.01}"
20260527_095838,569004596,CONVÊNIO PAR TERMO DE COMPROMISSO - ROBÓTICA - 1007/2017,apenas_positivos,0.0,LR,"(3,1,1)",Ridge(alpha=0.1),"{'C': 1, 'epsilon': 0.1, 'kernel': 'linear'}","{'hidden_layer_sizes': (50,), 'alpha': 0.0001, 'learning_rate_init': 0.01}"
20260527_095838,569004611,CONVÊNIO PAR TERMO DE COMPROMISSO - 99-3 / 2018 BN - 99-3 / 2018,apenas_positivos,0.0,MLP,"(2,1,0)",Ridge(alpha=10.0),"{'C': 0.1, 'epsilon': 0.01, 'kernel': 'linear'}","{'hidden_layer_sizes': (100, 50), 'alpha': 0.0001, 'learning_rate_init': 0.001}"
20260527_095838,569005039,CONVÊNIO PAR TERMO DE COMPROMISSO - EMENDA PARLAME - 3832-3/2021,apenas_positivos,0.0,ARIMA,"(0,2,2)",Ridge(alpha=0.01),"{'C': 1, 'epsilon': 0.1, 'kernel': 'linear'}","{'hidden_layer_sizes': (50,), 'alpha': 0.01, 'learning_rate_init': 0.001}"
20260527_095838,570003601,CONVÊNIO ARQUIVO PÚBLICO - 9209042/2010,apenas_positivos,0.0,MLP,"(2,1,3)",Ridge(alpha=100.0),"{'C': 0.1, 'epsilon': 0.01, 'kernel': 'linear'}","{'hidden_layer_sizes': (100,), 'alpha': 0.0001, 'learning_rate_init': 0.01}"
20260527_095838,600002083,CONVÊNIO PROGRAMA EXTRA TETO PÓLIO - PORTARIA Nº 1045/04,apenas_positivos,0.0,MLP,"(0,1,1)",Ridge(alpha=100.0),"{'C': 0.1, 'epsilon': 1, 'kernel': 'rbf'}","{'hidden_layer_sizes': (50, 50), 'alpha': 0.001, 'learning_rate_init': 0.001}"
20260527_095838,600002199,CONVÊNIO PROGRAMA AGENTES COMUNITÁRIOS DE SAÚDE -  - PORTARIA Nº 2.474/04,positivos_e_negativos,0.0,MLP,"(0,0,2)",Ridge(alpha=100.0),"{'C': 100, 'epsilon': 0.01, 'kernel': 'rbf'}","{'hidden_layer_sizes': (100, 50), 'alpha': 0.0001, 'learning_rate_init': 0.001}"
20260527_095838,600002345,CONVÊNIO PROGRAMA EXTRA TETO IDOSO/2006 - PORTARIA Nº 1.343/2006,apenas_positivos,0.0,MLP,"(3,0,3)",Ridge(alpha=0.01),"{'C': 1, 'epsilon': 0.1, 'kernel': 'linear'}","{'hidden_layer_sizes': (50, 50), 'alpha': 0.0001, 'learning_rate_init': 0.001}"
20260527_095838,600003885,CONVÊNIO PVVPS - PORTARIA Nº 2.849/2011,apenas_positivos,0.0,SVR,"(2,0,0)",Ridge(alpha=10.0),"{'C': 100, 'epsilon': 0.01, 'kernel': 'linear'}","{'hidden_layer_sizes': (50,), 'alpha': 0.001, 'learning_rate_init': 0.001}"
20260527_095838,600003904,CONVÊNIO VIGILÂNCIA EM SAÚDE - FINLACEN-VISA - PORTARIA MS Nº 2.982/2011,apenas_positivos,0.0,ARIMA,"(1,2,1)",Ridge(alpha=10.0),"{'C': 1, 'epsilon': 0.01, 'kernel': 'linear'}","{'hidden_layer_sizes': (50,), 'alpha': 0.0001, 'learning_rate_init': 0.01}"
20260527_095838,600004296,CONVÊNIO PROFAPS - PORTARIAS Nº 3189,apenas_positivos,0.0,ARIMA,"(1,1,0)",Ridge(alpha=10.0),"{'C': 1, 'epsilon': 0.01, 'kernel': 'linear'}","{'hidden_layer_sizes': (50, 50), 'alpha': 0.001, 'learning_rate_init': 0.01}"
20260527_095838,600004310,CONVÊNIO SES/PE PNA-CNCDO (CENTRAL DE TRANSPLANTE) - PORTARIA MS Nº 207/14,apenas_positivos,0.0,SVR,"(2,0,3)",Ridge(alpha=1.0),"{'C': 100, 'epsilon': 0.01, 'kernel': 'linear'}","{'hidden_layer_sizes': (100, 50), 'alpha': 0.01, 'learning_rate_init': 0.001}"
20260527_095838,600004435,CONVÊNIO PROGRAMA FINLACEN -,apenas_positivos,0.0,ARIMA,"(0,1,1)",Ridge(alpha=0.01),"{'C': 10, 'epsilon': 0.01, 'kernel': 'linear'}","{'hidden_layer_sizes': (100,), 'alpha': 0.01, 'learning_rate_init': 0.001}"
20260527_095838,600004439,CONVÊNIO PRÓ-RESIDÊNCIA MÉDICA - PORTARIA Nº 961/2015,apenas_positivos,0.0,MLP,"(0,1,1)",Ridge(alpha=10.0),"{'C': 1, 'epsilon': 0.01, 'kernel': 'linear'}","{'hidden_layer_sizes': (50,), 'alpha': 0.001, 'learning_rate_init': 0.01}"
20260527_095838,600004441,CONVÊNIO FN-SUS/MICROCEFALIA/LACEN-PE - PORT. INTERM. Nº 405/2016,apenas_positivos,0.0,ARIMA,"(3,2,3)",Ridge(alpha=10.0),"{'C': 1, 'epsilon': 0.01, 'kernel': 'linear'}","{'hidden_layer_sizes': (100, 50), 'alpha': 0.0001, 'learning_rate_init': 0.01}"
20260527_095838,600004626,CONVÊNIO FNS  A I D S ( VIGILÂNCIA EM SAÚDE ) - PORTARIA Nº 3.276/2013,apenas_positivos,0.0,ARIMA,"(1,1,3)",Ridge(alpha=10.0),"{'C': 10, 'epsilon': 0.1, 'kernel': 'rbf'}","{'hidden_layer_sizes': (100, 50), 'alpha': 0.01, 'learning_rate_init': 0.001}"
20260527_095838,600004629,CONVÊNIO SES/PE PNA-CNCDO (CENTRAL DE TRANSPLANTE) - PORTARIA MS Nº 207/14,apenas_positivos,0.0,LR,"(1,0,0)",Ridge(alpha=0.01),"{'C': 10, 'epsilon': 0.01, 'kernel': 'rbf'}","{'hidden_layer_sizes': (100, 50), 'alpha': 0.0001, 'learning_rate_init': 0.001}"
20260527_095838,600005130,CONVÊNIO CUSTEIO DA MÉDIA E ALTA COMPLEXIDADE (MAC - PORTARIA 749 DE 06/04/2022,apenas_positivos,0.0,ARIMA,"(0,1,2)",Ridge(alpha=0.01),"{'C': 10, 'epsilon': 0.01, 'kernel': 'linear'}","{'hidden_layer_sizes': (50,), 'alpha': 0.01, 'learning_rate_init': 0.001}"
20260527_095838,600005160,CONVÊNIO CUSTEIO DA MÉDIA E ALTA COMPLEXIDADE (MAC - PORTARIA 748 DE 06/04/2022,apenas_positivos,0.0,ARIMA,"(0,1,1)",Ridge(alpha=100.0),"{'C': 100, 'epsilon': 0.1, 'kernel': 'rbf'}","{'hidden_layer_sizes': (100, 50), 'alpha': 0.01, 'learning_rate_init': 0.001}"
20260527_095838,600530001,FUNDO DE AÇÕES ESTRATÉGICAS E COMPENSAÇÃO (FAEC),apenas_positivos,0.0,ARIMA,"(2,2,3)",Ridge(alpha=10.0),"{'C': 1, 'epsilon': 1, 'kernel': 'linear'}","{'hidden_layer_sizes': (50, 50), 'alpha': 0.01, 'learning_rate_init': 0.001}"
20260527_095838,601000000,TRANSFERÊNCIAS FUNDO A FUNDO DE RECURSOS DO SUS PROVENIENTES DO GOVERNO FEDERAL - BLOCO DE ESTRUTURAÇÃO DA REDE DE SERVIÇOS PÚBLICOS DE SAÚDE,positivos_e_negativos,0.0,LR,"(3,0,2)",Ridge(alpha=100.0),"{'C': 1, 'epsilon': 1, 'kernel': 'rbf'}","{'hidden_layer_sizes': (50,), 'alpha': 0.01, 'learning_rate_init': 0.001}"
20260527_095838,601003950,CONVÊNIO COMPRA DE EQUIP. PARA O HOSPITAL FERNANDE - PORTARIA Nº 3.293/2011,apenas_positivos,0.0,SVR,"(0,1,1)",Ridge(alpha=1.0),"{'C': 0.1, 'epsilon': 0.01, 'kernel': 'linear'}","{'hidden_layer_sizes': (100,), 'alpha': 0.001, 'learning_rate_init': 0.001}"
20260527_095838,601003980,CONVÊNIO CONSTRUÇÃO DO LACEN - PORTARIA Nº 2.754/2012,apenas_positivos,0.0,MLP,"(0,1,1)",Ridge(alpha=10.0),"{'C': 0.1, 'epsilon': 0.1, 'kernel': 'linear'}","{'hidden_layer_sizes': (100,), 'alpha': 0.0001, 'learning_rate_init': 0.001}"
20260527_095838,601004021,CONVÊNIO BLOCO DE INVESTIMENTO - HOSPAM - PORTARIA Nº 2.497/2012,apenas_positivos,0.0,MLP,"(3,0,2)",Ridge(alpha=10.0),"{'C': 0.1, 'epsilon': 0.01, 'kernel': 'linear'}","{'hidden_layer_sizes': (100,), 'alpha': 0.01, 'learning_rate_init': 0.001}"
20260527_095838,601004022,CONVÊNIO BLOCO DE INVESTIMENTO - AFOGADOS DA INGAZ - PORTARIA Nº 2.497/2012,apenas_positivos,0.0,SVR,"(2,0,3)",Ridge(alpha=0.01),"{'C': 100, 'epsilon': 0.1, 'kernel': 'rbf'}","{'hidden_layer_sizes': (50,), 'alpha': 0.01, 'learning_rate_init': 0.001}"
20260527_095838,601004193,CONVÊNIO AQUISIÇÃO DE EQUIPAMENTOS - PAULISTA/PE -,apenas_positivos,0.0,SVR,"(0,1,1)",Ridge(alpha=100.0),"{'C': 1, 'epsilon': 0.01, 'kernel': 'linear'}","{'hidden_layer_sizes': (50,), 'alpha': 0.0001, 'learning_rate_init': 0.01}"
20260527_095838,601004309,CONVÊNIO HBC - EQUIPAMENTO AMBIÊNCIA DOS SERVIÇOS  - PORTARIA Nº 2.151/2014,apenas_positivos,0.0,ARIMA,"(3,1,2)",Ridge(alpha=10.0),"{'C': 1, 'epsilon': 0.01, 'kernel': 'linear'}","{'hidden_layer_sizes': (50,), 'alpha': 0.0001, 'learning_rate_init': 0.001}"
20260527_095838,602000000,TRANSFERÊNCIAS FUNDO A FUNDO DE RECURSOS DO SUS PROVENIENTES DO GOVERNO FEDERAL - BLOCO DE MANUTENÇÃO DAS AÇÕES E SERVIÇOS PÚBLICOS DE SAÚDE – RECURSOS DESTINADOS AO ENFRENTAMENTO DA COVID-19 NO BOJO DA AÇÃO 21C0.,positivos_e_negativos,0.0,ARIMA,"(3,1,0)",Ridge(alpha=0.01),"{'C': 100, 'epsilon': 0.1, 'kernel': 'rbf'}","{'hidden_layer_sizes': (50,), 'alpha': 0.01, 'learning_rate_init': 0.01}"
20260527_095838,631002150,CONVÊNIO FORTALECIMENTO DO LACEN - 3686/04,apenas_positivos,0.0,LR,"(1,0,0)",Ridge(alpha=100.0),"{'C': 0.1, 'epsilon': 1, 'kernel': 'linear'}","{'hidden_layer_sizes': (50, 50), 'alpha': 0.01, 'learning_rate_init': 0.001}"
20260527_095838,631003992,CONVÊNIO REFORMA DA ESTRUTURA FÍSICA DO SETOR DE H - 778768/12,apenas_positivos,0.0,MLP,"(1,0,1)",Ridge(alpha=0.01),"{'C': 0.1, 'epsilon': 0.01, 'kernel': 'linear'}","{'hidden_layer_sizes': (50,), 'alpha': 0.01, 'learning_rate_init': 0.001}"
20260527_095838,631003993,CONVÊNIO REFORMA DAS SALAS DE CIRURGIA DE ALTA FRE - 780883/12,apenas_positivos,0.0,SVR,"(0,1,1)",Ridge(alpha=100.0),"{'C': 1, 'epsilon': 1, 'kernel': 'rbf'}","{'hidden_layer_sizes': (50, 50), 'alpha': 0.0001, 'learning_rate_init': 0.001}"
20260527_095838,631003994,CONVÊNIO REFORMA DA EMERGÊNCIA CARDIOLÓGICA DO HOS - 780949/12,apenas_positivos,0.0,SVR,"(2,0,1)",Ridge(alpha=1.0),"{'C': 10, 'epsilon': 1, 'kernel': 'rbf'}","{'hidden_layer_sizes': (50, 50), 'alpha': 0.01, 'learning_rate_init': 0.01}"
20260527_095838,631004005,CONVÊNIO HGA - CONSTRUÇÃO CENTRO DE REFERÊNCIA EM  - 758070,apenas_positivos,0.0,ARIMA,"(2,1,0)",Ridge(alpha=10.0),"{'C': 1, 'epsilon': 0.1, 'kernel': 'rbf'}","{'hidden_layer_sizes': (50,), 'alpha': 0.0001, 'learning_rate_init': 0.001}"
20260527_095838,631004542,CONVÊNIO 836305/2016-AQUISIÇÃO DE EQUIP E MAT PERM - 836305/2016,apenas_positivos,0.0,ARIMA,"(1,0,0)",Ridge(alpha=0.01),"{'C': 0.1, 'epsilon': 0.01, 'kernel': 'linear'}","{'hidden_layer_sizes': (50, 50), 'alpha': 0.001, 'learning_rate_init': 0.001}"
20260527_095838,660003929,CONVÊNIO CAPACITA SUAS 2012 - BLOCO DE FINANCIAMEN -,apenas_positivos,0.0,LR,"(0,1,1)",Ridge(alpha=100.0),"{'C': 0.1, 'epsilon': 0.1, 'kernel': 'linear'}","{'hidden_layer_sizes': (100, 50), 'alpha': 0.001, 'learning_rate_init': 0.001}"
20260527_095838,660004127,CONVÊNIO CONTRATO Nº 0328822-77/2010/MDS/CAIXA/SED - CONTRATO Nº 0328822-77/2010,positivos_e_negativos,0.0,SVR,"(2,1,3)",Ridge(alpha=100.0),"{'C': 100, 'epsilon': 0.1, 'kernel': 'rbf'}","{'hidden_layer_sizes': (100,), 'alpha': 0.01, 'learning_rate_init': 0.001}"
20260527_095838,660004249,CONVÊNIO PROGRAMA DE ERRADICAÇÃO DO TRABALHO INFAN -,positivos_e_negativos,0.0,SVR,"(1,0,1)",Ridge(alpha=100.0),"{'C': 0.1, 'epsilon': 0.01, 'kernel': 'rbf'}","{'hidden_layer_sizes': (50, 50), 'alpha': 0.01, 'learning_rate_init': 0.01}"
20260527_095838,660004647,CONVÊNIO SIGTV-PCF4 -SISTEMA DE GESTÃO DE TRANSFER -,positivos_e_negativos,0.0,SVR,"(2,1,3)",Ridge(alpha=100.0),"{'C': 100, 'epsilon': 0.01, 'kernel': 'linear'}","{'hidden_layer_sizes': (50, 50), 'alpha': 0.001, 'learning_rate_init': 0.01}"
20260527_095838,660004678,CONVÊNIO ESTRUTURAÇÃO DA REDE DE SERVIÇOS DE PROTE -,apenas_positivos,0.0,ARIMA,"(1,2,3)",Ridge(alpha=100.0),"{'C': 1, 'epsilon': 0.1, 'kernel': 'linear'}","{'hidden_layer_sizes': (100, 50), 'alpha': 0.0001, 'learning_rate_init': 0.001}"
20260527_095838,665004515,CONVÊNIO CONVÊNIO DE COOPERAÇÃO TÉCNICA E FINANCEI -,apenas_positivos,0.0,MLP,"(0,1,3)",Ridge(alpha=10.0),"{'C': 0.1, 'epsilon': 0.01, 'kernel': 'linear'}","{'hidden_layer_sizes': (50, 50), 'alpha': 0.001, 'learning_rate_init': 0.01}"
20260527_095838,700001519,CONVÊNIO DANCING DAYS - C.R.218.771-36/2007,apenas_positivos,0.0,ARIMA,"(1,0,1)",Ridge(alpha=0.01),"{'C': 10, 'epsilon': 0.01, 'kernel': 'rbf'}","{'hidden_layer_sizes': (100, 50), 'alpha': 0.01, 'learning_rate_init': 0.001}"
20260527_095838,700001870,CONVÊNIO PINTANDO A LIBERDADE III - MET 048/2002,apenas_positivos,0.0,ARIMA,"(0,1,3)",Ridge(alpha=10.0),"{'C': 100, 'epsilon': 0.1, 'kernel': 'linear'}","{'hidden_layer_sizes': (100,), 'alpha': 0.01, 'learning_rate_init': 0.01}"
20260527_095838,700002114,CONVÊNIO FACEPE/FINEP/PAPPE - 3004025900,apenas_positivos,0.0,MLP,"(0,1,1)",Ridge(alpha=0.01),"{'C': 100, 'epsilon': 0.01, 'kernel': 'linear'}","{'hidden_layer_sizes': (50, 50), 'alpha': 0.01, 'learning_rate_init': 0.01}"
20260527_095838,700003013,CONVÊNIO IPA / MDA MATAS SÃO FRANCISCO - MDA Nº 035/2007,apenas_positivos,0.0,MLP,"(0,1,2)",Ridge(alpha=10.0),"{'C': 1, 'epsilon': 0.01, 'kernel': 'linear'}","{'hidden_layer_sizes': (100,), 'alpha': 0.001, 'learning_rate_init': 0.001}"
20260527_095838,700003024,CONVÊNIO FINEP - SUBVENÇÂO - 0107071700/2007-FINEP-SUBV.,apenas_positivos,0.0,MLP,"(0,1,1)",Ridge(alpha=0.01),"{'C': 100, 'epsilon': 0.01, 'kernel': 'linear'}","{'hidden_layer_sizes': (50, 50), 'alpha': 0.01, 'learning_rate_init': 0.01}"
20260527_095838,700003065,"CONVÊNIO VILA DO GARRANCHO, NO MUNICIPIO DE SALGUE - CR 0233.404-90/07 MIN. CIDADES",positivos_e_negativos,0.0,SVR,"(0,2,2)",Ridge(alpha=1.0),"{'C': 1, 'epsilon': 0.1, 'kernel': 'linear'}","{'hidden_layer_sizes': (100, 50), 'alpha': 0.001, 'learning_rate_init': 0.01}"
20260527_095838,700003113,CONVÊNIO IPA/MCT/ITAPIREMA - 01.0116.00/2007,apenas_positivos,0.0,MLP,"(0,1,1)",Ridge(alpha=10.0),"{'C': 1, 'epsilon': 0.1, 'kernel': 'linear'}","{'hidden_layer_sizes': (50,), 'alpha': 0.0001, 'learning_rate_init': 0.001}"
20260527_095838,700003266,CONVÊNIO INCLUSÃO DIGITAL DA POPULAÇÃO CARCERÁRIA  - MJ Nº 032/2007,apenas_positivos,0.0,MLP,"(2,1,0)",Ridge(alpha=10.0),"{'C': 100, 'epsilon': 0.01, 'kernel': 'linear'}","{'hidden_layer_sizes': (100,), 'alpha': 0.0001, 'learning_rate_init': 0.01}"
20260527_095838,700003268,CONVÊNIO CAPACITAÇÃO PROFISSIONAL EM ELETRICIDADE  - MJ Nº 048/2007,apenas_positivos,0.0,MLP,"(2,1,0)",Ridge(alpha=10.0),"{'C': 1, 'epsilon': 0.01, 'kernel': 'linear'}","{'hidden_layer_sizes': (100,), 'alpha': 0.0001, 'learning_rate_init': 0.01}"
20260527_095838,700003270,CONVÊNIO CAPACITAÇÃO PROFISSIONAL EM CORTE E COSTU - MJ Nº 055/2007,apenas_positivos,0.0,MLP,"(2,1,0)",Ridge(alpha=100.0),"{'C': 0.1, 'epsilon': 0.1, 'kernel': 'linear'}","{'hidden_layer_sizes': (50,), 'alpha': 0.01, 'learning_rate_init': 0.01}"
20260527_095838,700003281,CONVÊNIO CNPQ/FACEPE-PRONEX 2008 - PROG.APOIO A NÚCL EXCELÊCIAS,apenas_positivos,0.0,MLP,"(0,1,1)",Ridge(alpha=0.01),"{'C': 100, 'epsilon': 0.01, 'kernel': 'linear'}","{'hidden_layer_sizes': (50, 50), 'alpha': 0.01, 'learning_rate_init': 0.01}"
20260527_095838,700003348,CONVÊNIO TERMO DE COMPROMISSO Nº001/2008 - 001/2008,apenas_positivos,0.0,ARIMA,"(1,1,3)",Ridge(alpha=0.01),"{'C': 1, 'epsilon': 0.01, 'kernel': 'linear'}","{'hidden_layer_sizes': (50,), 'alpha': 0.01, 'learning_rate_init': 0.01}"
20260527_095838,700003591,CONVÊNIO CT N° 0264.754-88-2008 QUADRA POLIESPORTI - CT N° 0264.754-88/2008,apenas_positivos,0.0,ARIMA,"(2,1,1)",Ridge(alpha=100.0),"{'C': 0.1, 'epsilon': 0.01, 'kernel': 'rbf'}","{'hidden_layer_sizes': (50, 50), 'alpha': 0.0001, 'learning_rate_init': 0.001}"
20260527_095838,700003639,CONVÊNIO CONVENIO FACEPE/CNPQ - PPP 2010 - REGISTRO SICONV 739517/2010,apenas_positivos,0.0,ARIMA,"(0,1,1)",Ridge(alpha=1.0),"{'C': 10, 'epsilon': 0.01, 'kernel': 'linear'}","{'hidden_layer_sizes': (100,), 'alpha': 0.001, 'learning_rate_init': 0.01}"
20260527_095838,700003640,CONVÊNIO CONVENIO FACEPE/CNPQ - PRONEM 2010 - 610031/2010,apenas_positivos,0.0,SVR,"(0,1,1)",Ridge(alpha=0.01),"{'C': 100, 'epsilon': 0.01, 'kernel': 'linear'}","{'hidden_layer_sizes': (50, 50), 'alpha': 0.0001, 'learning_rate_init': 0.01}"
20260527_095838,700003641,CONVÊNIO CONVENIO FACEPE/CNPQ - PRONEX 2010 - REGISTRO SICONV 737440/2010,apenas_positivos,0.0,MLP,"(0,1,1)",Ridge(alpha=0.01),"{'C': 100, 'epsilon': 0.01, 'kernel': 'linear'}","{'hidden_layer_sizes': (50, 50), 'alpha': 0.01, 'learning_rate_init': 0.01}"
20260527_095838,700003647,CONVÊNIO MULHERES DE TEJUCUPAPO - TC.0301.544-37/2009/MC/CAIXA,apenas_positivos,0.0,ARIMA,"(0,1,3)",Ridge(alpha=100.0),"{'C': 1, 'epsilon': 0.1, 'kernel': 'rbf'}","{'hidden_layer_sizes': (100,), 'alpha': 0.0001, 'learning_rate_init': 0.001}"
20260527_095838,700003867,CONVÊNIO IMPLANTAÇÃO CENTRO REFERÊNCIA EM DIREITOS - 760720/2011-SICONV/SDH/PR,positivos_e_negativos,0.0,MLP,"(3,2,0)",Ridge(alpha=10.0),"{'C': 1, 'epsilon': 1, 'kernel': 'rbf'}","{'hidden_layer_sizes': (50, 50), 'alpha': 0.01, 'learning_rate_init': 0.001}"
20260527_095838,700003935,CONVÊNIO REFORMA DO PONTO DE CULTURA SITIO DA TRIN -,apenas_positivos,0.0,ARIMA,"(1,1,3)",Ridge(alpha=1.0),"{'C': 1, 'epsilon': 0.01, 'kernel': 'linear'}","{'hidden_layer_sizes': (50,), 'alpha': 0.001, 'learning_rate_init': 0.001}"
20260527_095838,700004189,CONVÊNIO CONSTRUÇÃO DA CADEIA PÚBLICA DE ARAÇOIABA - 778008/2012,positivos_e_negativos,0.0,SVR,"(2,0,0)",Ridge(alpha=100.0),"{'C': 100, 'epsilon': 0.01, 'kernel': 'linear'}","{'hidden_layer_sizes': (50, 50), 'alpha': 0.01, 'learning_rate_init': 0.001}"
20260527_095838,700004245,CONVÊNIO FORTE DE SANTO ANTÔNIO -,positivos_e_negativos,0.0,SVR,"(2,1,3)",Ridge(alpha=100.0),"{'C': 0.1, 'epsilon': 0.1, 'kernel': 'linear'}","{'hidden_layer_sizes': (50,), 'alpha': 0.001, 'learning_rate_init': 0.01}"
20260527_095838,700004246,CONVÊNIO PAC 313 - FORTE DE SÃO PEDRO DO BOLDRÓ -,positivos_e_negativos,0.0,SVR,"(2,1,3)",Ridge(alpha=100.0),"{'C': 0.1, 'epsilon': 0.1, 'kernel': 'linear'}","{'hidden_layer_sizes': (50,), 'alpha': 0.01, 'learning_rate_init': 0.01}"
20260527_095838,700004288,CONVÊNIO INTERVENÇÃO DO ENTORNO DO TELEFÉRICO NO M -,apenas_positivos,0.0,SVR,"(1,1,2)",Ridge(alpha=1.0),"{'C': 100, 'epsilon': 0.01, 'kernel': 'linear'}","{'hidden_layer_sizes': (50,), 'alpha': 0.01, 'learning_rate_init': 0.001}"
20260527_095838,700004408,CONVÊNIO PAVIMENTAÇÃO DO ACESSO AO MIRANTE FREI DA -,apenas_positivos,0.0,SVR,"(0,1,1)",Ridge(alpha=1.0),"{'C': 1, 'epsilon': 0.1, 'kernel': 'linear'}","{'hidden_layer_sizes': (50,), 'alpha': 0.01, 'learning_rate_init': 0.01}"
20260527_095838,702004197,CONVÊNIO CICLOVIÁRIO DA REGIÃO METROPOLITANA DO RE - PLANO DIRETOR CICLOVIÁRIO,apenas_positivos,0.0,SVR,"(1,0,2)",Ridge(alpha=10.0),"{'C': 100, 'epsilon': 0.01, 'kernel': 'linear'}","{'hidden_layer_sizes': (100, 50), 'alpha': 0.0001, 'learning_rate_init': 0.01}"
20260527_095838,702004226,CONVÊNIO COOPERAÇÃO TÉCNICA DE VIDEO MONITORAMENTO -,apenas_positivos,0.0,MLP,"(0,1,1)",Ridge(alpha=10.0),"{'C': 1, 'epsilon': 1, 'kernel': 'linear'}","{'hidden_layer_sizes': (100,), 'alpha': 0.001, 'learning_rate_init': 0.001}"
20260527_095838,702004281,CONVÊNIO VIDEOMONITORAMENTO ENTRE A SDS E A PREFEI - CONVÊNIO DE COOP.  08/2014,apenas_positivos,0.0,ARIMA,"(1,1,2)",Ridge(alpha=0.01),"{'C': 1, 'epsilon': 0.1, 'kernel': 'linear'}","{'hidden_layer_sizes': (100, 50), 'alpha': 0.01, 'learning_rate_init': 0.01}"
20260527_095838,702004749,CONVÊNIO COOPERAÇÃO TÉCNICA ADM. E FINANCEIRA ENTR - CONVÊNIO 009/2019-GGPPE/SDS,apenas_positivos,0.0,MLP,"(1,0,0)",Ridge(alpha=10.0),"{'C': 10, 'epsilon': 1, 'kernel': 'rbf'}","{'hidden_layer_sizes': (100,), 'alpha': 0.01, 'learning_rate_init': 0.01}"
20260527_095838,702005118,CONVÊNIO CONVÊNIO ENTRE A SDS E A PREFEITURA MUNIC - 009/2021,apenas_positivos,0.0,MLP,"(3,1,0)",Ridge(alpha=100.0),"{'C': 100, 'epsilon': 0.01, 'kernel': 'linear'}","{'hidden_layer_sizes': (100, 50), 'alpha': 0.01, 'learning_rate_init': 0.001}"
20260527_095838,703004276,CONVÊNIO TERMO DE COOPERAÇÃO TÉCNICA-FINANCEIRA Nº - 001/2013,apenas_positivos,0.0,ARIMA,"(0,2,0)",Ridge(alpha=1.0),"{'C': 100, 'epsilon': 0.01, 'kernel': 'linear'}","{'hidden_layer_sizes': (50,), 'alpha': 0.0001, 'learning_rate_init': 0.001}"
20260527_095838,703004277,CONVÊNIO ITEP- BOLSA COMPLEMENTAR 2014 -,apenas_positivos,0.0,MLP,"(0,1,1)",Ridge(alpha=0.01),"{'C': 100, 'epsilon': 0.01, 'kernel': 'linear'}","{'hidden_layer_sizes': (50, 50), 'alpha': 0.0001, 'learning_rate_init': 0.01}"
20260527_095838,703004361,CONVÊNIO FACEPE/PITEC-FIAT -,apenas_positivos,0.0,ARIMA,"(0,1,1)",Ridge(alpha=0.01),"{'C': 100, 'epsilon': 0.01, 'kernel': 'linear'}","{'hidden_layer_sizes': (50, 50), 'alpha': 0.0001, 'learning_rate_init': 0.01}"
20260527_095838,703004500,CONVÊNIO PITEC 4ª RODADA - KURIER TECNOLOGIA EM IN -,apenas_positivos,0.0,MLP,"(0,1,1)",Ridge(alpha=0.01),"{'C': 100, 'epsilon': 0.01, 'kernel': 'linear'}","{'hidden_layer_sizes': (50, 50), 'alpha': 0.0001, 'learning_rate_init': 0.01}"
20260527_095838,752000000,RECURSOS VINCULADOS AO TRÂNSITO,positivos_e_negativos,0.0,LR,"(1,0,0)",Ridge(alpha=100.0),"{'C': 10, 'epsilon': 1, 'kernel': 'rbf'}","{'hidden_layer_sizes': (100, 50), 'alpha': 0.001, 'learning_rate_init': 0.001}"
20260527_095838,753000000,RECURSOS PROVENIENTES DE TAXAS E CONTRIBUIÇÕES E PREÇOS PÚBLICOS,positivos_e_negativos,0.0,LR,"(1,0,0)",Ridge(alpha=10.0),"{'C': 100, 'epsilon': 1, 'kernel': 'rbf'}","{'hidden_layer_sizes': (50, 50), 'alpha': 0.01, 'learning_rate_init': 0.01}"
20260527_095838,753220201,"RECURSOS PROVENIENTES DE TAXAS, CONTRIBUIÇÕES E PREÇOS PÚBLICOS - ADAGRO",apenas_positivos,0.0,MLP,"(2,1,3)",Ridge(alpha=10.0),"{'C': 100, 'epsilon': 0.01, 'kernel': 'linear'}","{'hidden_layer_sizes': (100, 50), 'alpha': 0.0001, 'learning_rate_init': 0.001}"
20260527_095838,753610801,"RECURSOS PROVENIENTES DE TAXAS, CONTRIBUIÇÕES E PREÇOS PÚBLICOS - MULTAS CPRH",apenas_positivos,0.0,MLP,"(2,1,0)",Ridge(alpha=0.01),"{'C': 1, 'epsilon': 1, 'kernel': 'linear'}","{'hidden_layer_sizes': (100,), 'alpha': 0.0001, 'learning_rate_init': 0.001}"
20260527_095838,759150000,RECURSOS VINCULADOS A FUNDOS - FUNDO APERF. TCE,apenas_positivos,0.0,SVR,"(0,1,2)",Ridge(alpha=0.01),"{'C': 10, 'epsilon': 1, 'kernel': 'linear'}","{'hidden_layer_sizes': (50,), 'alpha': 0.0001, 'learning_rate_init': 0.001}"
20260527_095838,759240000,RECURSOS VINCULADOS A FUNDOS - FERM,apenas_positivos,0.0,SVR,"(0,1,1)",Ridge(alpha=1.0),"{'C': 100, 'epsilon': 0.1, 'kernel': 'linear'}","{'hidden_layer_sizes': (50, 50), 'alpha': 0.01, 'learning_rate_init': 0.001}"
20260527_095838,759260101,RECURSOS VINCULADOS A FUNDOS - FUNTEC,positivos_e_negativos,0.0,LR,"(0,1,0)",Ridge(alpha=0.01),"{'C': 1, 'epsilon': 1, 'kernel': 'linear'}","{'hidden_layer_sizes': (100, 50), 'alpha': 0.0001, 'learning_rate_init': 0.001}"
20260527_095838,759410301,RECURSOS VINCULADOS A FUNDOS - FUPES,positivos_e_negativos,0.0,ARIMA,"(1,0,1)",Ridge(alpha=0.01),"{'C': 10, 'epsilon': 0.1, 'kernel': 'linear'}","{'hidden_layer_sizes': (100,), 'alpha': 0.0001, 'learning_rate_init': 0.01}"
20260527_095838,759460000,RECURSOS VINCULADOS A FUNDOS - FURPE,apenas_positivos,0.0,MLP,"(0,1,1)",Ridge(alpha=0.01),"{'C': 0.1, 'epsilon': 1, 'kernel': 'linear'}","{'hidden_layer_sizes': (50, 50), 'alpha': 0.0001, 'learning_rate_init': 0.001}"
20260527_095838,759480101,RECURSOS VINCULADOS A FUNDOS - FUNCULTURA - PROJETOS DE PRODUTORES CULTURAIS,apenas_positivos,0.0,MLP,"(2,0,0)",Ridge(alpha=1.0),"{'C': 0.1, 'epsilon': 0.1, 'kernel': 'linear'}","{'hidden_layer_sizes': (50, 50), 'alpha': 0.0001, 'learning_rate_init': 0.001}"
20260527_095838,759520000,RECURSOS VINCULADOS A FUNDOS - INOVAR-PE,positivos_e_negativos,0.0,MLP,"(2,1,2)",Ridge(alpha=0.01),"{'C': 10, 'epsilon': 0.01, 'kernel': 'rbf'}","{'hidden_layer_sizes': (100, 50), 'alpha': 0.0001, 'learning_rate_init': 0.01}"
20260527_095838,759530000,RECURSOS VINCULADOS A FUNDOS - FUNPGE,apenas_positivos,0.0,MLP,"(1,0,0)",Ridge(alpha=10.0),"{'C': 1, 'epsilon': 1, 'kernel': 'linear'}","{'hidden_layer_sizes': (50, 50), 'alpha': 0.0001, 'learning_rate_init': 0.001}"
20260527_095838,759540000,RECURSOS VINCULADOS A FUNDOS - FDIMPPE,positivos_e_negativos,0.0,MLP,"(3,0,1)",Ridge(alpha=100.0),"{'C': 1, 'epsilon': 0.1, 'kernel': 'linear'}","{'hidden_layer_sizes': (100,), 'alpha': 0.01, 'learning_rate_init': 0.001}"
20260527_095838,759570000,RECURSOS VINCULADOS A FUNDOS - FUNSEG,apenas_positivos,0.0,SVR,"(0,1,3)",Ridge(alpha=0.01),"{'C': 100, 'epsilon': 0.1, 'kernel': 'linear'}","{'hidden_layer_sizes': (50,), 'alpha': 0.01, 'learning_rate_init': 0.01}"
20260527_095838,759590000,RECURSOS VINCULADOS A FUNDOS - FUNREPOL,positivos_e_negativos,0.0,LR,"(1,1,2)",Ridge(alpha=0.01),"{'C': 1, 'epsilon': 0.1, 'kernel': 'linear'}","{'hidden_layer_sizes': (100,), 'alpha': 0.0001, 'learning_rate_init': 0.01}"
20260527_095838,761000000,RECURSOS VINCULADOS AO FUNDO DE COMBATE E ERRADICAÇÃO DA POBREZA,apenas_positivos,0.0,MLP,"(0,1,1)",Ridge(alpha=0.01),"{'C': 1, 'epsilon': 0.1, 'kernel': 'rbf'}","{'hidden_layer_sizes': (100, 50), 'alpha': 0.0001, 'learning_rate_init': 0.01}"
20260527_095838,799012006,CPRH/ S/A PAULISTA,apenas_positivos,0.0,ARIMA,"(3,1,0)",Ridge(alpha=0.01),"{'C': 1, 'epsilon': 0.01, 'kernel': 'rbf'}","{'hidden_layer_sizes': (50,), 'alpha': 0.0001, 'learning_rate_init': 0.001}"
20260527_095838,799012010,CPHR/ PETROQUÍMICASUAPE,positivos_e_negativos,0.0,ARIMA,"(0,1,1)",Ridge(alpha=1.0),"{'C': 1, 'epsilon': 0.01, 'kernel': 'linear'}","{'hidden_layer_sizes': (100,), 'alpha': 0.0001, 'learning_rate_init': 0.001}"
20260527_095838,799012014,CTR IPOJUCA,apenas_positivos,0.0,ARIMA,"(1,1,0)",Ridge(alpha=0.01),"{'C': 1, 'epsilon': 0.1, 'kernel': 'linear'}","{'hidden_layer_sizes': (50,), 'alpha': 0.0001, 'learning_rate_init': 0.001}"
20260527_095838,799012015,TCA 001/2015 - CPRH /MIN,apenas_positivos,0.0,SVR,"(0,1,0)",Ridge(alpha=0.01),"{'C': 10, 'epsilon': 0.01, 'kernel': 'linear'}","{'hidden_layer_sizes': (50,), 'alpha': 0.01, 'learning_rate_init': 0.01}"
20260527_095838,799012016,TCA 003/2015 - ECOPESA AMBIENTAL,apenas_positivos,0.0,MLP,"(1,1,0)",Ridge(alpha=0.01),"{'C': 100, 'epsilon': 0.01, 'kernel': 'linear'}","{'hidden_layer_sizes': (100,), 'alpha': 0.01, 'learning_rate_init': 0.01}"
20260527_095838,799022006,CPRH/MGRBA,apenas_positivos,0.0,MLP,"(1,1,0)",Ridge(alpha=0.01),"{'C': 100, 'epsilon': 0.01, 'kernel': 'linear'}","{'hidden_layer_sizes': (100, 50), 'alpha': 0.0001, 'learning_rate_init': 0.01}"
20260527_095838,799022010,CPRH/ SETUR/PE,apenas_positivos,0.0,ARIMA,"(0,1,0)",Ridge(alpha=0.01),"{'C': 100, 'epsilon': 0.01, 'kernel': 'linear'}","{'hidden_layer_sizes': (100,), 'alpha': 0.001, 'learning_rate_init': 0.001}"
20260527_095838,799022013,CPRH / L. P. DO PAIVA / COMPESA,apenas_positivos,0.0,ARIMA,"(0,1,0)",Ridge(alpha=0.01),"{'C': 1, 'epsilon': 0.01, 'kernel': 'linear'}","{'hidden_layer_sizes': (100,), 'alpha': 0.01, 'learning_rate_init': 0.01}"
20260527_095838,799022014,TCA 001 / 2014 - PETROQUÝMICA SUAPE,apenas_positivos,0.0,SVR,"(1,1,0)",Ridge(alpha=0.01),"{'C': 1, 'epsilon': 0.01, 'kernel': 'linear'}","{'hidden_layer_sizes': (100,), 'alpha': 0.01, 'learning_rate_init': 0.01}"
20260527_095838,799022016,TCA 002/2015 - SECID,apenas_positivos,0.0,MLP,"(0,1,0)",Ridge(alpha=0.01),"{'C': 10, 'epsilon': 0.01, 'kernel': 'linear'}","{'hidden_layer_sizes': (50, 50), 'alpha': 0.01, 'learning_rate_init': 0.001}"
20260527_095838,799032013,CPRH / B. ENG. MARANHÒO / COMPESA,apenas_positivos,0.0,ARIMA,"(0,1,1)",Ridge(alpha=0.01),"{'C': 1, 'epsilon': 0.01, 'kernel': 'linear'}","{'hidden_layer_sizes': (100, 50), 'alpha': 0.001, 'learning_rate_init': 0.001}"
20260527_095838,799042013,CPRH / B. ENG. PEREIRA / COMPESA,apenas_positivos,0.0,ARIMA,"(1,1,0)",Ridge(alpha=0.01),"{'C': 10, 'epsilon': 0.01, 'kernel': 'linear'}","{'hidden_layer_sizes': (100,), 'alpha': 0.001, 'learning_rate_init': 0.01}"
20260527_095838,799042016,TCA  027/2016  -  BARRAGEM SERRO AZUL,apenas_positivos,0.0,ARIMA,"(2,1,0)",Ridge(alpha=0.01),"{'C': 100, 'epsilon': 0.1, 'kernel': 'linear'}","{'hidden_layer_sizes': (100,), 'alpha': 0.0001, 'learning_rate_init': 0.01}"
20260527_095838,799052013,CPRH / FIAT,positivos_e_negativos,0.0,ARIMA,"(0,1,1)",Ridge(alpha=0.01),"{'C': 0.1, 'epsilon': 0.1, 'kernel': 'linear'}","{'hidden_layer_sizes': (50,), 'alpha': 0.01, 'learning_rate_init': 0.001}"
20260527_095838,799052016,TCA  059/2016  -  CTR CARUARU,apenas_positivos,0.0,LR,"(0,1,0)",Ridge(alpha=0.01),"{'C': 100, 'epsilon': 0.01, 'kernel': 'linear'}","{'hidden_layer_sizes': (50,), 'alpha': 0.001, 'learning_rate_init': 0.01}"
20260527_095838,799062013,CPRH / RNEST / PETROBRSSS,positivos_e_negativos,0.0,MLP,"(2,1,0)",Ridge(alpha=1.0),"{'C': 100, 'epsilon': 0.1, 'kernel': 'linear'}","{'hidden_layer_sizes': (100, 50), 'alpha': 0.01, 'learning_rate_init': 0.001}"
20260527_095838,799062016,ATERRO SANITSSRIO DE CARUARU - TCA   063/2016,apenas_positivos,0.0,MLP,"(1,1,0)",Ridge(alpha=0.01),"{'C': 100, 'epsilon': 0.01, 'kernel': 'linear'}","{'hidden_layer_sizes': (100, 50), 'alpha': 0.0001, 'learning_rate_init': 0.001}"
20260527_095838,799072013,CPRH/CTR PETROLINA,positivos_e_negativos,0.0,ARIMA,"(0,1,0)",Ridge(alpha=0.01),"{'C': 100, 'epsilon': 0.01, 'kernel': 'linear'}","{'hidden_layer_sizes': (100, 50), 'alpha': 0.001, 'learning_rate_init': 0.001}"
20260527_095838,799102013,CPRH/ESTALEIRO PROMAR,apenas_positivos,0.0,LR,"(0,1,0)",Ridge(alpha=0.01),"{'C': 100, 'epsilon': 0.01, 'kernel': 'linear'}","{'hidden_layer_sizes': (100,), 'alpha': 0.01, 'learning_rate_init': 0.01}"
20260527_095838,799112013,CPRH / B. BREJÂO / SRHE,apenas_positivos,0.0,MLP,"(0,1,0)",Ridge(alpha=0.01),"{'C': 100, 'epsilon': 0.01, 'kernel': 'rbf'}","{'hidden_layer_sizes': (100,), 'alpha': 0.0001, 'learning_rate_init': 0.001}"
20260527_095838,799122013,CONTORNO DO CABO / SUAPE,apenas_positivos,0.0,MLP,"(0,1,0)",Ridge(alpha=0.01),"{'C': 100, 'epsilon': 0.01, 'kernel': 'linear'}","{'hidden_layer_sizes': (50, 50), 'alpha': 0.01, 'learning_rate_init': 0.001}"
20260527_095838,799662005,CPRH / CAMARGO CORREIA,positivos_e_negativos,0.0,ARIMA,"(1,1,0)",Ridge(alpha=1.0),"{'C': 0.1, 'epsilon': 0.1, 'kernel': 'linear'}","{'hidden_layer_sizes': (50, 50), 'alpha': 0.0001, 'learning_rate_init': 0.001}"
20260527_095838,799812005,CPRH/BRAVEL,apenas_positivos,0.0,ARIMA,"(0,1,1)",Ridge(alpha=0.01),"{'C': 100, 'epsilon': 0.01, 'kernel': 'linear'}","{'hidden_layer_sizes': (100,), 'alpha': 0.01, 'learning_rate_init': 0.01}"
20260527_095838,800000000,RECURSOS VINCULADOS AO RPPS - FUNDO EM CAPITALIZAÇÃO (PLANO PREVIDENCIÁRIO),apenas_positivos,0.0,ARIMA,"(2,1,2)",Ridge(alpha=0.1),"{'C': 10, 'epsilon': 0.01, 'kernel': 'linear'}","{'hidden_layer_sizes': (100, 50), 'alpha': 0.01, 'learning_rate_init': 0.001}"
20260527_095838,801000000,RECURSOS VINCULADOS AO RPPS - FUNDO EM REPARTIÇÃO (PLANO FINANCEIRO),apenas_positivos,0.0,MLP,"(2,2,1)",Ridge(alpha=10.0),"{'C': 0.1, 'epsilon': 0.1, 'kernel': 'linear'}","{'hidden_layer_sizes': (50,), 'alpha': 0.01, 'learning_rate_init': 0.001}"
20260527_095838,803000000,RECURSOS VINCULADOS AO SISTEMA DE PROTEÇÃO SOCIAL DOS MILITARES (SPSM),apenas_positivos,0.0,SVR,"(2,0,1)",Ridge(alpha=100.0),"{'C': 0.1, 'epsilon': 1, 'kernel': 'rbf'}","{'hidden_layer_sizes': (50,), 'alpha': 0.01, 'learning_rate_init': 0.001}"
