timestamp,Codigo,Nome,Grupo_Sinal,Melhor_Modelo,Parametros,RMSE_Teste,MAE_Teste,MAPE_Teste_Pct,LB_Pvalor,Lags_Sig_PACF,Metodo_Lags,N_Lags,Ultimo_Real_2025_10,Prev_2025_11,Var_2025_11_pct,Prev_2025_12,Var_2025_12_pct,Prev_2026_01,Var_2026_01_pct,Prev_2026_02,Var_2026_02_pct,Prev_2026_03,Var_2026_03_pct,Prev_2026_04,Var_2026_04_pct,Prev_2026_05,Var_2026_05_pct,Prev_2026_06,Var_2026_06_pct,Prev_2026_07,Var_2026_07_pct,Prev_2026_08,Var_2026_08_pct,Prev_2026_09,Var_2026_09_pct,Prev_2026_10,Var_2026_10_pct
20260527_095838,500000000,RECURSOS NÃO VINCULADOS DE IMPOSTOS,apenas_positivos,SVR,"{'C': 1, 'epsilon': 1, 'kernel': 'rbf'}",298165954.11,251475082.75,9.6336,0.0,"[1, 9]",pacf,9,2395639805.83,2612420148.32,9.05,2622727705.46,0.39,2732703655.1,4.19,2687560023.57,-1.65,2669702613.08,-0.66,2671402791.21,0.06,2640942328.58,-1.14,2644226068.66,0.12,2617007944.29,-1.03,2624449179.96,0.28,2625182876.12,0.03,2631011734.18,0.22
20260527_095838,500410000,RECURSOS NÃO VINCULADOS DE IMPOSTOS - ISS,positivos_e_negativos,ARIMA,"(2,1,1)",921883.21,765474.97,86.3767,0.0,"[1, 3, 6]",pacf,6,2237725.9,1715191.6,-23.35,1829375.42,6.66,1943035.96,6.21,1911561.87,-1.62,1887156.47,-1.28,1895500.55,0.44,1900664.99,0.27,1898515.41,-0.11,1897440.94,-0.06,1897982.45,0.03,1898201.48,0.01,1898067.54,-0.01
20260527_095838,500710000,RECURSOS NÃO VINCULADOS DE IMPOSTOS - TRANSF FES,apenas_positivos,LR,Ridge(alpha=100.0),13390424.68,10209905.54,20.7088,0.0032,"[3, 12]",pacf,12,47953219.16,40480240.61,-15.58,46149263.04,14.0,36476207.43,-20.96,40944146.52,12.25,35934163.87,-12.24,37833532.99,5.29,39321606.25,3.93,40385144.7,2.7,37183952.9,-7.93,41727781.93,12.22,36626509.87,-12.23,40024575.64,9.28
20260527_095838,501020001,OUTROS RECURSOS NÃO VINCULADOS - TCE,positivos_e_negativos,SVR,"{'C': 100, 'epsilon': 0.1, 'kernel': 'linear'}",484865.12,370310.63,15.5432,0.0,"[1, 2, 3]",pacf,3,2896912.92,2867985.46,-1.0,2979016.98,3.87,3097147.08,3.97,3170147.86,2.36,3272944.7,3.24,3377430.32,3.19,3476315.22,2.93,3583290.9,3.08,3692604.72,3.05,3803417.68,3.0,3918258.69,3.02,4036027.08,3.01
20260527_095838,501130201,RECURSOS PRÓPRIOS DA SECRETARIA EXECUTIVA DE RESSOCIALIZAÇÃO - SERES,apenas_positivos,SVR,"{'C': 1, 'epsilon': 0.01, 'kernel': 'linear'}",25.82,21.69,10.9433,0.0,[1],pacf,1,221.47,236.31,6.7,250.56,6.03,264.25,5.46,277.39,4.97,290.01,4.55,302.14,4.18,313.78,3.85,324.96,3.56,335.69,3.3,346.0,3.07,355.9,2.86,365.41,2.67
20260527_095838,501140107,OUTROS RECURSOS NÃO VINCULADOS - CONSERVATÓRIO DE MÚSICA,apenas_positivos,LR,Ridge(alpha=0.01),9427.92,8534.86,71.0487,0.0,"[3, 4, 7, 12]",pacf,12,10960.0,19683.43,79.59,136811.37,595.06,-4873.75,-103.56,21134.08,533.63,15413.58,-27.07,11965.93,-22.37,30735.78,156.86,37193.41,21.01,118448.99,218.47,6490.94,-94.52,506.23,-92.2,8139.17,1507.79
20260527_095838,501150003,OUTROS RECURSOS NÃO VINCULADOS - FEEF,apenas_positivos,MLP,"{'hidden_layer_sizes': (50,), 'alpha': 0.001, 'learning_rate_init': 0.01}",6723085.0,6227327.41,11.996,0.0,[1],pacf,1,57133982.56,59022953.29,3.31,60376133.46,2.29,61251052.2,1.45,61776306.3,0.86,62068917.49,0.47,62231926.81,0.26,62322736.86,0.15,62372984.51,0.08,62400102.89,0.04,62414738.53,0.02,62422637.31,0.01,62426900.23,0.01
20260527_095838,501420341,OUTROS RECURSOS NÃO VINCULADOS - PECONSIG,apenas_positivos,MLP,"{'hidden_layer_sizes': (100,), 'alpha': 0.0001, 'learning_rate_init': 0.01}",12500.36,10981.73,3.2654,0.0,"[1, 2, 3, 4]",pacf,4,346516.2,324681.0,-6.3,329498.48,1.48,325794.41,-1.12,322461.36,-1.02,315122.98,-2.28,315635.88,0.16,311567.25,-1.29,308986.66,-0.83,305207.98,-1.22,304072.83,-0.37,300822.75,-1.07,298879.39,-0.65
20260527_095838,501560801,OUTROS RECURSOS NÃO VINCULADOS - ARENA PERNAMBUCO,positivos_e_negativos,MLP,"{'hidden_layer_sizes': (100, 50), 'alpha': 0.0001, 'learning_rate_init': 0.001}",127763.72,91972.09,53.1175,0.003,[1],pacf,1,310975.24,277340.26,-10.82,262869.33,-5.22,254496.57,-3.19,249173.25,-2.09,245563.33,-1.45,242971.39,-1.06,240986.64,-0.82,239479.96,-0.63,238336.2,-0.48,237467.94,-0.36,236808.82,-0.28,236308.47,-0.21
20260527_095838,501560802,OUTROS RECURSOS NÃO VINCULADOS - CAIS DO SERTÃO,apenas_positivos,MLP,"{'hidden_layer_sizes': (100, 50), 'alpha': 0.001, 'learning_rate_init': 0.001}",29346.73,23648.25,34.357,0.0155,"[2, 12]",pacf,12,96324.02,72291.65,-24.95,78093.57,8.03,77620.09,-0.61,75050.57,-3.31,86708.54,15.53,86843.46,0.16,82217.24,-5.33,77508.66,-5.73,78320.72,1.05,81044.97,3.48,76804.35,-5.23,82135.31,6.94
20260527_095838,501610801,OUTROS RECURSOS NÃO VINCULADOS - MULTAS CPRH,apenas_positivos,MLP,"{'hidden_layer_sizes': (100,), 'alpha': 0.01, 'learning_rate_init': 0.01}",253588.51,101644.0,40.8344,0.004,[1],pacf,1,104818.71,68995.05,-34.18,61364.89,-11.06,58476.61,-4.71,57169.98,-2.23,56482.98,-1.2,56109.24,-0.66,55905.91,-0.36,55795.3,-0.2,55735.12,-0.11,55702.39,-0.06,55684.58,-0.03,55674.89,-0.02
20260527_095838,540000000,TRANSFERÊNCIAS DO FUNDEB - IMPOSTOS E TRANSFERÊNCIAS DE IMPOSTOS,apenas_positivos,ARIMA,"(1,1,1)",45209453.93,35507095.55,10.6032,0.0,"[1, 2]",pacf,2,328241506.53,315343162.85,-3.93,311637284.1,-1.18,310572532.1,-0.34,310266613.61,-0.1,310178718.85,-0.03,310153465.42,-0.01,310146209.76,-0.0,310144125.1,-0.0,310143526.15,-0.0,310143354.06,-0.0,310143304.61,-0.0,310143290.41,-0.0
20260527_095838,550000000,TRANSFERÊNCIA DO SALÁRIO-EDUCAÇÃO,apenas_positivos,ARIMA,"(0,1,2)",5208684.81,2815959.0,9.7699,0.0,"[1, 2]",pacf,2,23654296.48,22544059.01,-4.69,22714466.07,0.76,22714466.07,0.0,22714466.07,0.0,22714466.07,0.0,22714466.07,0.0,22714466.07,0.0,22714466.07,0.0,22714466.07,0.0,22714466.07,0.0,22714466.07,0.0,22714466.07,0.0
20260527_095838,552004599,CONVÊNIO PNAE - MERENDA ESCOLAR 2 -,apenas_positivos,SVR,"{'C': 0.1, 'epsilon': 0.01, 'kernel': 'linear'}",207.99,202.77,980.2566,0.0,"[1, 2, 3, 8]",pacf,8,105.11,156.57,48.95,174.54,11.48,188.29,7.88,207.86,10.39,213.54,2.73,220.55,3.28,229.35,3.99,239.47,4.41,241.98,1.05,245.83,1.59,250.22,1.79,251.86,0.66
20260527_095838,569003619,CONVÊNIO PAR BRASIL PROFISSIONALIZADO INFRAESTRUTU -,apenas_positivos,ARIMA,"(1,1,3)",21152.55,17159.11,15.7874,0.0,"[1, 2, 3, 9]",pacf,9,124181.17,126303.53,1.71,129092.66,2.21,131476.42,1.85,133196.29,1.31,134437.16,0.93,135332.45,0.67,135978.39,0.48,136444.44,0.34,136780.69,0.25,137023.29,0.18,137198.33,0.13,137324.61,0.09
20260527_095838,569003863,CONVÊNIO PAC 2 CONSTRUÇÃO DE QUADRAS I - PAC 2442/2011,positivos_e_negativos,SVR,"{'C': 100, 'epsilon': 0.01, 'kernel': 'linear'}",37378.01,24410.67,42.353,0.0,"[1, 3]",pacf,3,-78425.15,-52228.16,33.4,-37971.41,27.3,-44175.96,-16.34,-44913.27,-1.67,-42829.18,4.64,-42195.4,1.48,-41842.04,0.84,-41183.94,1.57,-40527.69,1.59,-39929.78,1.48,-39325.49,1.51,-38715.05,1.55
20260527_095838,569003913,CONVÊNIO PAC 2 CONSTRUÇÃO DE QUADRAS II - 3583/2011,apenas_positivos,ARIMA,"(1,1,3)",6113.12,4400.34,44.7327,0.0,"[1, 2]",pacf,2,18923.27,19658.54,3.89,20367.17,3.6,21012.96,3.17,21603.22,2.81,22142.7,2.5,22635.79,2.23,23086.47,1.99,23498.38,1.78,23874.87,1.6,24218.98,1.44,24533.49,1.3,24820.95,1.17
20260527_095838,569004243,CONVÊNIO PAR TERMO DE COMPROMISSO BRASIL PROFISSIO -,apenas_positivos,MLP,"{'hidden_layer_sizes': (50, 50), 'alpha': 0.0001, 'learning_rate_init': 0.01}",918.82,823.9,11.8207,0.0,[1],pacf,1,9518.15,8997.29,-5.47,8690.66,-3.41,8498.11,-2.22,8368.88,-1.52,8279.94,-1.06,8218.74,-0.74,8176.62,-0.51,8147.63,-0.35,8127.68,-0.24,8113.95,-0.17,8104.35,-0.12,8097.34,-0.09
20260527_095838,569004544,CONVÊNIO PROGRAMA BRASIL ALFABETIZADO III - RESOLU - PROGRAMA BRASIL ALFABETIZADO,apenas_positivos,MLP,"{'hidden_layer_sizes': (50,), 'alpha': 0.0001, 'learning_rate_init': 0.01}",18472.25,11990.63,11.4683,0.0,"[1, 2, 3]",pacf,3,146997.62,107958.64,-26.56,118730.4,9.98,111025.39,-6.49,111384.04,0.32,109234.54,-1.93,108325.02,-0.83,107262.43,-0.98,106491.74,-0.72,105839.39,-0.61,105309.34,-0.5,104877.3,-0.41,104522.54,-0.34
20260527_095838,569004596,CONVÊNIO PAR TERMO DE COMPROMISSO - ROBÓTICA - 1007/2017,apenas_positivos,LR,Ridge(alpha=0.1),1879.05,1508.86,16.2454,0.0,"[1, 4]",pacf,4,10619.54,9993.7,-5.89,10370.09,3.77,10156.08,-2.06,9796.13,-3.54,9831.02,0.36,9436.75,-4.01,9213.87,-2.36,9044.03,-1.84,8710.8,-3.68,8542.74,-1.93,8329.77,-2.49,8109.83,-2.64
20260527_095838,569004611,CONVÊNIO PAR TERMO DE COMPROMISSO - 99-3 / 2018 BN - 99-3 / 2018,apenas_positivos,MLP,"{'hidden_layer_sizes': (100, 50), 'alpha': 0.0001, 'learning_rate_init': 0.001}",897.96,720.86,21.3248,0.0,"[1, 11]",pacf,11,2065.71,2778.12,34.49,2469.82,-11.1,2468.8,-0.04,2307.34,-6.54,2452.97,6.31,2725.58,11.11,2578.55,-5.39,2680.13,3.94,2673.11,-0.26,2795.83,4.59,2727.2,-2.45,2875.6,5.44
20260527_095838,569005039,CONVÊNIO PAR TERMO DE COMPROMISSO - EMENDA PARLAME - 3832-3/2021,apenas_positivos,ARIMA,"(0,2,2)",1.44,1.12,3.9675,0.0054,[1],pacf,1,29.48,29.27,-0.7,29.3,0.08,29.32,0.08,29.35,0.08,29.37,0.08,29.39,0.08,29.42,0.08,29.44,0.08,29.46,0.08,29.49,0.08,29.51,0.08,29.54,0.08
20260527_095838,570003601,CONVÊNIO ARQUIVO PÚBLICO - 9209042/2010,apenas_positivos,MLP,"{'hidden_layer_sizes': (100,), 'alpha': 0.0001, 'learning_rate_init': 0.01}",239.5,213.25,6.963,0.0,"[1, 2, 6, 8]",pacf,8,4185.78,4397.7,5.06,4538.94,3.21,4820.29,6.2,4710.59,-2.28,4793.33,1.76,4941.93,3.1,4993.81,1.05,5160.7,3.34,5235.62,1.45,5219.57,-0.31,5235.63,0.31,5303.08,1.29
20260527_095838,600002083,CONVÊNIO PROGRAMA EXTRA TETO PÓLIO - PORTARIA Nº 1045/04,apenas_positivos,MLP,"{'hidden_layer_sizes': (50, 50), 'alpha': 0.001, 'learning_rate_init': 0.001}",32.62,18.46,14.735,0.0,"[1, 11]",pacf,11,93.3,94.06,0.81,72.73,-22.68,96.94,33.29,93.96,-3.08,89.74,-4.49,111.56,24.31,90.3,-19.06,103.75,14.9,102.09,-1.6,103.52,1.4,108.08,4.41,100.54,-6.98
20260527_095838,600002199,CONVÊNIO PROGRAMA AGENTES COMUNITÁRIOS DE SAÚDE -  - PORTARIA Nº 2.474/04,positivos_e_negativos,MLP,"{'hidden_layer_sizes': (100, 50), 'alpha': 0.0001, 'learning_rate_init': 0.001}",10.02,7.61,27.6832,0.0021,"[1, 2]",pacf,2,30.56,19.99,-34.58,17.95,-10.2,16.8,-6.4,16.43,-2.22,16.27,-0.95,16.22,-0.35,16.19,-0.14,16.19,-0.05,16.18,-0.02,16.18,-0.01,16.18,-0.0,16.18,-0.0
20260527_095838,600002345,CONVÊNIO PROGRAMA EXTRA TETO IDOSO/2006 - PORTARIA Nº 1.343/2006,apenas_positivos,MLP,"{'hidden_layer_sizes': (50, 50), 'alpha': 0.0001, 'learning_rate_init': 0.001}",475.1,460.6,47.178,0.0,"[1, 2]",pacf,2,979.61,1064.57,8.67,1053.4,-1.05,1074.0,1.96,1068.87,-0.48,1074.17,0.5,1072.34,-0.17,1073.77,0.13,1073.17,-0.06,1073.57,0.04,1073.39,-0.02,1073.5,0.01,1073.44,-0.01
20260527_095838,600003885,CONVÊNIO PVVPS - PORTARIA Nº 2.849/2011,apenas_positivos,SVR,"{'C': 100, 'epsilon': 0.01, 'kernel': 'linear'}",16.48,16.11,18796.3864,0.0,"[1, 6]",pacf,6,0.07,-8.59,-12376.1,-11.32,-31.77,-15.1,-33.32,-16.59,-9.9,-17.01,-2.5,-17.3,-1.71,-17.22,0.45,-17.25,-0.18,-17.29,-0.26,-17.33,-0.23,-17.39,-0.31,-17.41,-0.16
20260527_095838,600003904,CONVÊNIO VIGILÂNCIA EM SAÚDE - FINLACEN-VISA - PORTARIA MS Nº 2.982/2011,apenas_positivos,ARIMA,"(1,2,1)",964.33,852.28,12.2767,0.0,"[1, 2, 3, 9]",pacf,9,7269.73,7386.29,1.6,7468.89,1.12,7572.38,1.39,7663.02,1.2,7761.57,1.29,7855.25,1.21,7951.92,1.23,8046.76,1.19,8142.72,1.19,8237.99,1.17,8333.69,1.16,8429.12,1.15
20260527_095838,600004296,CONVÊNIO PROFAPS - PORTARIAS Nº 3189,apenas_positivos,ARIMA,"(1,1,0)",4789.24,2633.26,16.5607,0.0,"[1, 2]",pacf,2,9151.92,10053.74,9.85,9463.58,-5.87,9849.78,4.08,9597.05,-2.57,9762.44,1.72,9654.21,-1.11,9725.04,0.73,9678.68,-0.48,9709.02,0.31,9689.17,-0.2,9702.16,0.13,9693.66,-0.09
20260527_095838,600004310,CONVÊNIO SES/PE PNA-CNCDO (CENTRAL DE TRANSPLANTE) - PORTARIA MS Nº 207/14,apenas_positivos,SVR,"{'C': 100, 'epsilon': 0.01, 'kernel': 'linear'}",668.62,592.14,1657.8926,0.0,[1],pacf,1,42.19,129.49,206.91,216.6,67.27,303.52,40.13,390.26,28.58,476.81,22.18,563.17,18.11,649.35,15.3,735.35,13.24,821.16,11.67,906.79,10.43,992.24,9.42,1077.5,8.59
20260527_095838,600004435,CONVÊNIO PROGRAMA FINLACEN -,apenas_positivos,ARIMA,"(0,1,1)",809.67,551.5,22.2636,0.0,"[1, 2]",pacf,2,1918.89,2053.78,7.03,2053.78,0.0,2053.78,0.0,2053.78,0.0,2053.78,0.0,2053.78,0.0,2053.78,0.0,2053.78,0.0,2053.78,0.0,2053.78,0.0,2053.78,0.0,2053.78,0.0
20260527_095838,600004439,CONVÊNIO PRÓ-RESIDÊNCIA MÉDICA - PORTARIA Nº 961/2015,apenas_positivos,MLP,"{'hidden_layer_sizes': (50,), 'alpha': 0.001, 'learning_rate_init': 0.01}",131389.27,65642.46,217.3111,0.0,"[1, 2]",pacf,2,492722.58,126024.02,-74.42,171688.93,36.24,70427.07,-58.98,93770.17,33.15,85124.97,-9.22,79921.48,-6.11,81046.12,1.41,82312.11,1.56,82209.23,-0.12,81923.04,-0.35,81913.45,-0.01,81974.49,0.07
20260527_095838,600004441,CONVÊNIO FN-SUS/MICROCEFALIA/LACEN-PE - PORT. INTERM. Nº 405/2016,apenas_positivos,ARIMA,"(3,2,3)",1274.96,1136.32,15.82,0.0,"[1, 4, 7, 9]",pacf,9,7486.7,7333.25,-2.05,7746.22,5.63,7526.38,-2.84,7754.57,3.03,7727.56,-0.35,7892.99,2.14,7817.49,-0.96,8052.09,3.0,7950.83,-1.26,8164.42,2.69,8098.86,-0.8,8290.22,2.36
20260527_095838,600004626,CONVÊNIO FNS  A I D S ( VIGILÂNCIA EM SAÚDE ) - PORTARIA Nº 3.276/2013,apenas_positivos,ARIMA,"(1,1,3)",570357.41,266329.43,36.6051,0.0,"[1, 6]",pacf,6,352561.67,463601.55,31.5,367784.74,-20.67,456249.78,24.05,373949.07,-18.04,450514.99,20.47,379284.25,-15.81,445551.57,17.47,383901.81,-13.84,441255.76,14.94,387898.28,-12.09,437537.77,12.8,391357.21,-10.55
20260527_095838,600004629,CONVÊNIO SES/PE PNA-CNCDO (CENTRAL DE TRANSPLANTE) - PORTARIA MS Nº 207/14,apenas_positivos,LR,Ridge(alpha=0.01),18755.35,15692.69,25.0017,0.0,[1],pacf,1,50000.0,55840.05,11.68,58762.07,5.23,60224.09,2.49,60955.59,1.21,61321.59,0.6,61504.72,0.3,61596.35,0.15,61642.19,0.07,61665.13,0.04,61676.61,0.02,61682.35,0.01,61685.22,0.0
20260527_095838,600005130,CONVÊNIO CUSTEIO DA MÉDIA E ALTA COMPLEXIDADE (MAC - PORTARIA 749 DE 06/04/2022,apenas_positivos,ARIMA,"(0,1,2)",153.41,93.11,8.8979,0.0,[1],pacf,1,0.0,93.12,,-44.65,-147.95,-44.65,0.0,-44.65,0.0,-44.65,0.0,-44.65,0.0,-44.65,0.0,-44.65,0.0,-44.65,0.0,-44.65,0.0,-44.65,0.0,-44.65,0.0
20260527_095838,600005160,CONVÊNIO CUSTEIO DA MÉDIA E ALTA COMPLEXIDADE (MAC - PORTARIA 748 DE 06/04/2022,apenas_positivos,ARIMA,"(0,1,1)",5457.7,3810.52,20.5837,0.0312,[1],pacf,1,0.0,3344.25,,3344.25,0.0,3344.25,0.0,3344.25,0.0,3344.25,0.0,3344.25,0.0,3344.25,0.0,3344.25,0.0,3344.25,0.0,3344.25,0.0,3344.25,0.0,3344.25,0.0
20260527_095838,600530001,FUNDO DE AÇÕES ESTRATÉGICAS E COMPENSAÇÃO (FAEC),apenas_positivos,ARIMA,"(2,2,3)",19453260.78,13926676.21,262.783,0.0008,[10],pacf,10,87572295.19,56224212.99,-35.8,44927679.79,-20.09,60417719.55,34.48,48287258.85,-20.08,59226015.5,22.65,51495181.19,-13.05,58791713.06,14.17,54004052.27,-8.14,58932214.02,9.13,56048979.64,-4.89,59445974.33,6.06,57793776.77,-2.78
20260527_095838,601000000,TRANSFERÊNCIAS FUNDO A FUNDO DE RECURSOS DO SUS PROVENIENTES DO GOVERNO FEDERAL - BLOCO DE ESTRUTURAÇÃO DA REDE DE SERVIÇOS PÚBLICOS DE SAÚDE,positivos_e_negativos,LR,Ridge(alpha=100.0),604002.08,511239.57,364796.9366,0.0001,"[1, 2, 7]",pacf,7,1124701.08,803069.29,-28.6,731779.81,-8.88,726579.97,-0.71,767198.3,5.59,726082.2,-5.36,708908.82,-2.37,673523.14,-4.99,647753.96,-3.83,634605.47,-2.03,626792.87,-1.23,614022.5,-2.04,600863.65,-2.14
20260527_095838,601003950,CONVÊNIO COMPRA DE EQUIP. PARA O HOSPITAL FERNANDE - PORTARIA Nº 3.293/2011,apenas_positivos,SVR,"{'C': 0.1, 'epsilon': 0.01, 'kernel': 'linear'}",0.33,0.32,35.2434,0.0,[1],pacf,1,0.8,0.87,8.26,0.93,7.34,0.99,6.57,1.05,5.93,1.11,5.39,1.16,4.92,1.21,4.51,1.26,4.15,1.31,3.83,1.36,3.55,1.4,3.3,1.45,3.07
20260527_095838,601003980,CONVÊNIO CONSTRUÇÃO DO LACEN - PORTARIA Nº 2.754/2012,apenas_positivos,MLP,"{'hidden_layer_sizes': (100,), 'alpha': 0.0001, 'learning_rate_init': 0.001}",42638.58,38129.95,22.0136,0.0,"[1, 2, 6]",pacf,6,198851.39,189505.95,-4.7,188691.46,-0.43,192503.42,2.02,188359.85,-2.15,189158.33,0.42,189114.57,-0.02,188258.23,-0.45,187386.17,-0.46,187683.43,0.16,186855.66,-0.44,186616.23,-0.13,186264.78,-0.19
20260527_095838,601004021,CONVÊNIO BLOCO DE INVESTIMENTO - HOSPAM - PORTARIA Nº 2.497/2012,apenas_positivos,MLP,"{'hidden_layer_sizes': (100,), 'alpha': 0.01, 'learning_rate_init': 0.001}",60.44,36.8,13.4148,0.0,[1],pacf,1,238.85,265.2,11.03,267.66,0.92,267.81,0.06,267.82,0.0,267.82,0.0,267.82,0.0,267.82,0.0,267.82,0.0,267.82,0.0,267.82,0.0,267.82,0.0,267.82,0.0
20260527_095838,601004022,CONVÊNIO BLOCO DE INVESTIMENTO - AFOGADOS DA INGAZ - PORTARIA Nº 2.497/2012,apenas_positivos,SVR,"{'C': 100, 'epsilon': 0.1, 'kernel': 'rbf'}",51.52,25.99,10.5759,0.0,[1],pacf,1,199.81,199.48,-0.16,199.56,0.04,199.54,-0.01,199.55,0.0,199.55,-0.0,199.55,0.0,199.55,-0.0,199.55,0.0,199.55,-0.0,199.55,0.0,199.55,-0.0,199.55,0.0
20260527_095838,601004193,CONVÊNIO AQUISIÇÃO DE EQUIPAMENTOS - PAULISTA/PE -,apenas_positivos,SVR,"{'C': 1, 'epsilon': 0.01, 'kernel': 'linear'}",2308.33,2209.06,131.4498,0.0,"[1, 2]",pacf,2,1255.72,1236.8,-1.51,1231.03,-0.47,1224.34,-0.54,1218.94,-0.44,1214.3,-0.38,1210.36,-0.32,1207.01,-0.28,1204.15,-0.24,1201.72,-0.2,1199.66,-0.17,1197.9,-0.15,1196.4,-0.13
20260527_095838,601004309,CONVÊNIO HBC - EQUIPAMENTO AMBIÊNCIA DOS SERVIÇOS  - PORTARIA Nº 2.151/2014,apenas_positivos,ARIMA,"(3,1,2)",147.27,129.56,29.4354,0.0,"[1, 2]",pacf,2,516.45,520.48,0.78,529.32,1.7,529.02,-0.06,528.86,-0.03,526.72,-0.41,525.47,-0.24,524.51,-0.18,524.28,-0.04,524.33,0.01,524.55,0.04,524.74,0.04,524.87,0.02
20260527_095838,602000000,TRANSFERÊNCIAS FUNDO A FUNDO DE RECURSOS DO SUS PROVENIENTES DO GOVERNO FEDERAL - BLOCO DE MANUTENÇÃO DAS AÇÕES E SERVIÇOS PÚBLICOS DE SAÚDE – RECURSOS DESTINADOS AO ENFRENTAMENTO DA COVID-19 NO BOJO DA AÇÃO 21C0.,positivos_e_negativos,ARIMA,"(3,1,0)",1890764.5,810740.11,1183.6874,0.0005,"[2, 4, 6]",pacf,6,6508826.28,858861.78,-86.8,1632354.75,90.06,1864394.8,14.22,3623425.96,94.35,1592949.67,-56.04,2125348.91,33.42,2213619.6,4.15,2675760.64,20.88,1980822.15,-25.97,2250305.02,13.6,2265097.56,0.66,2379931.56,5.07
20260527_095838,631002150,CONVÊNIO FORTALECIMENTO DO LACEN - 3686/04,apenas_positivos,LR,Ridge(alpha=100.0),9.21,5.39,10.1634,0.0001,"[1, 10]",pacf,10,45.68,42.7,-6.53,43.23,1.25,43.75,1.22,43.18,-1.3,43.3,0.27,42.92,-0.88,42.88,-0.1,42.96,0.19,42.98,0.04,42.81,-0.38,42.92,0.25,42.94,0.04
20260527_095838,631003992,CONVÊNIO REFORMA DA ESTRUTURA FÍSICA DO SETOR DE H - 778768/12,apenas_positivos,MLP,"{'hidden_layer_sizes': (50,), 'alpha': 0.01, 'learning_rate_init': 0.001}",21.35,16.09,5.8711,0.0,"[1, 2]",pacf,2,317.03,316.64,-0.12,316.34,-0.09,316.36,0.01,316.4,0.01,316.4,0.0,316.39,-0.0,316.39,-0.0,316.39,0.0,316.39,0.0,316.39,-0.0,316.39,-0.0,316.39,0.0
20260527_095838,631003993,CONVÊNIO REFORMA DAS SALAS DE CIRURGIA DE ALTA FRE - 780883/12,apenas_positivos,SVR,"{'C': 1, 'epsilon': 1, 'kernel': 'rbf'}",0.31,0.25,23.136,0.0,"[1, 2, 10]",pacf,10,0.95,1.09,14.99,1.05,-3.43,1.21,14.79,1.2,-1.0,1.2,0.19,1.2,-0.31,1.19,-0.97,1.17,-0.91,1.17,-0.04,1.17,-0.8,1.15,-1.67,1.15,0.49
20260527_095838,631003994,CONVÊNIO REFORMA DA EMERGÊNCIA CARDIOLÓGICA DO HOS - 780949/12,apenas_positivos,SVR,"{'C': 10, 'epsilon': 1, 'kernel': 'rbf'}",84.49,64.77,29.9031,0.0022,"[1, 4]",pacf,4,178.22,216.6,21.54,197.8,-8.68,218.13,10.27,211.37,-3.1,222.85,5.43,216.0,-3.07,224.5,3.93,219.5,-2.23,224.69,2.37,221.28,-1.52,224.73,1.56,222.29,-1.08
20260527_095838,631004005,CONVÊNIO HGA - CONSTRUÇÃO CENTRO DE REFERÊNCIA EM  - 758070,apenas_positivos,ARIMA,"(2,1,0)",829.72,622.72,18.8113,0.0166,"[1, 2]",pacf,2,3314.3,3290.73,-0.71,3300.67,0.3,3301.4,0.02,3297.47,-0.12,3300.12,0.08,3299.51,-0.02,3299.05,-0.01,3299.6,0.02,3299.35,-0.01,3299.35,-0.0,3299.43,0.0,3299.37,-0.0
20260527_095838,631004542,CONVÊNIO 836305/2016-AQUISIÇÃO DE EQUIP E MAT PERM - 836305/2016,apenas_positivos,ARIMA,"(1,0,0)",6094.06,3788.93,50.2092,0.0029,[1],pacf,1,18235.8,10436.43,-42.77,6550.26,-37.24,4613.91,-29.56,3649.09,-20.91,3168.36,-13.17,2928.82,-7.56,2809.47,-4.08,2750.0,-2.12,2720.37,-1.08,2705.6,-0.54,2698.25,-0.27,2694.58,-0.14
20260527_095838,660003929,CONVÊNIO CAPACITA SUAS 2012 - BLOCO DE FINANCIAMEN -,apenas_positivos,LR,Ridge(alpha=100.0),41875.92,14521.1,3803.1638,0.0,"[1, 2]",pacf,2,52.12,5408.44,10276.89,5371.51,-0.68,5298.81,-1.35,5300.05,0.02,5301.03,0.02,5301.01,-0.0,5300.99,-0.0,5300.99,0.0,5300.99,0.0,5300.99,-0.0,5300.99,-0.0,5300.99,0.0
20260527_095838,660004127,CONVÊNIO CONTRATO Nº 0328822-77/2010/MDS/CAIXA/SED - CONTRATO Nº 0328822-77/2010,positivos_e_negativos,SVR,"{'C': 100, 'epsilon': 0.1, 'kernel': 'rbf'}",4120.49,2391.07,26.2873,0.0,"[1, 3, 6]",pacf,6,7120.55,6806.9,-4.4,107.62,-98.42,6807.35,6225.52,17358.2,154.99,7852.06,-54.76,7840.62,-0.15,6256.34,-20.21,6114.92,-2.26,7180.12,17.42,7441.19,3.64,-829.17,-111.14,4614.27,656.49
20260527_095838,660004249,CONVÊNIO PROGRAMA DE ERRADICAÇÃO DO TRABALHO INFAN -,positivos_e_negativos,SVR,"{'C': 0.1, 'epsilon': 0.01, 'kernel': 'rbf'}",3.56,3.37,89.8113,0.0,"[1, 7]",pacf,7,5.15,2.6,-49.59,2.56,-1.4,2.54,-0.82,2.52,-0.84,2.5,-0.75,2.48,-0.72,2.43,-2.05,2.39,-1.64,2.39,-0.13,2.38,-0.09,2.38,-0.08,2.38,-0.07
20260527_095838,660004647,CONVÊNIO SIGTV-PCF4 -SISTEMA DE GESTÃO DE TRANSFER -,positivos_e_negativos,SVR,"{'C': 100, 'epsilon': 0.01, 'kernel': 'linear'}",15.41,12.73,15.7411,0.0,"[1, 3, 8]",pacf,8,94.01,94.56,0.59,98.35,4.01,98.71,0.36,101.89,3.22,102.34,0.44,104.01,1.63,106.61,2.5,106.75,0.14,108.12,1.28,109.19,1.0,110.15,0.87,110.9,0.68
20260527_095838,660004678,CONVÊNIO ESTRUTURAÇÃO DA REDE DE SERVIÇOS DE PROTE -,apenas_positivos,ARIMA,"(1,2,3)",2027.02,712.45,15.7345,0.0,"[1, 2, 5]",pacf,5,1010.57,2538.85,151.23,2317.17,-8.73,2147.63,-7.32,2018.78,-6.0,1921.67,-4.81,1849.33,-3.76,1796.3,-2.87,1758.34,-2.11,1732.14,-1.49,1715.1,-0.98,1705.23,-0.58,1700.94,-0.25
20260527_095838,665004515,CONVÊNIO CONVÊNIO DE COOPERAÇÃO TÉCNICA E FINANCEI -,apenas_positivos,MLP,"{'hidden_layer_sizes': (50, 50), 'alpha': 0.001, 'learning_rate_init': 0.01}",403.17,192.23,27.2324,0.0,"[1, 3, 4]",pacf,4,401.34,259.79,-35.27,366.78,41.18,272.18,-25.79,321.83,18.24,249.26,-22.55,319.63,28.23,240.09,-24.89,306.88,27.82,236.53,-22.93,300.67,27.12,234.36,-22.06,294.21,25.54
20260527_095838,700001519,CONVÊNIO DANCING DAYS - C.R.218.771-36/2007,apenas_positivos,ARIMA,"(1,0,1)",7508.83,7394.49,2161.1382,0.0166,[2],pacf,2,1129.12,4166.92,269.04,4565.03,9.55,4945.19,8.33,5308.21,7.34,5654.87,6.53,5985.89,5.85,6301.99,5.28,6603.83,4.79,6892.07,4.36,7167.31,3.99,7430.14,3.67,7681.12,3.38
20260527_095838,700001870,CONVÊNIO PINTANDO A LIBERDADE III - MET 048/2002,apenas_positivos,ARIMA,"(0,1,3)",6.0,5.06,22.3012,0.0,"[1, 2, 3]",pacf,3,26.33,25.53,-3.03,25.93,1.54,26.16,0.91,26.16,0.0,26.16,0.0,26.16,0.0,26.16,0.0,26.16,0.0,26.16,0.0,26.16,0.0,26.16,0.0,26.16,0.0
20260527_095838,700002114,CONVÊNIO FACEPE/FINEP/PAPPE - 3004025900,apenas_positivos,MLP,"{'hidden_layer_sizes': (50, 50), 'alpha': 0.01, 'learning_rate_init': 0.01}",708.69,583.36,44.9935,0.0,"[1, 2]",pacf,2,1544.85,1508.38,-2.36,1504.06,-0.29,1497.86,-0.41,1494.75,-0.21,1492.56,-0.15,1491.19,-0.09,1490.29,-0.06,1489.71,-0.04,1489.34,-0.03,1489.1,-0.02,1488.94,-0.01,1488.84,-0.01
20260527_095838,700003013,CONVÊNIO IPA / MDA MATAS SÃO FRANCISCO - MDA Nº 035/2007,apenas_positivos,MLP,"{'hidden_layer_sizes': (100,), 'alpha': 0.001, 'learning_rate_init': 0.001}",274.22,223.26,11.1686,0.0,"[1, 3]",pacf,3,2057.5,1888.7,-8.2,1765.8,-6.51,1757.09,-0.49,1791.5,1.96,1794.22,0.15,1789.09,-0.29,1792.15,0.17,1795.35,0.18,1795.76,0.02,1796.04,0.02,1796.74,0.04,1797.18,0.02
20260527_095838,700003024,CONVÊNIO FINEP - SUBVENÇÂO - 0107071700/2007-FINEP-SUBV.,apenas_positivos,MLP,"{'hidden_layer_sizes': (50, 50), 'alpha': 0.01, 'learning_rate_init': 0.01}",645.51,529.39,44.7164,0.0,"[1, 2]",pacf,2,1409.69,1376.83,-2.33,1373.02,-0.28,1367.49,-0.4,1364.75,-0.2,1362.83,-0.14,1361.61,-0.09,1360.82,-0.06,1360.32,-0.04,1359.99,-0.02,1359.78,-0.02,1359.64,-0.01,1359.55,-0.01
20260527_095838,700003065,"CONVÊNIO VILA DO GARRANCHO, NO MUNICIPIO DE SALGUE - CR 0233.404-90/07 MIN. CIDADES",positivos_e_negativos,SVR,"{'C': 1, 'epsilon': 0.1, 'kernel': 'linear'}",192.56,87.22,53.1949,0.0,"[1, 2, 6, 7, 8, 9]",pacf,9,-75.62,502.55,764.57,324.78,-35.37,135.87,-58.17,446.96,228.95,656.16,46.81,136.53,-79.19,586.64,329.68,371.09,-36.74,322.21,-13.17,431.08,33.79,744.46,72.7,257.21,-65.45
20260527_095838,700003113,CONVÊNIO IPA/MCT/ITAPIREMA - 01.0116.00/2007,apenas_positivos,MLP,"{'hidden_layer_sizes': (50,), 'alpha': 0.0001, 'learning_rate_init': 0.001}",6.66,5.72,20.1538,0.0,"[1, 2]",pacf,2,33.88,27.17,-19.8,26.28,-3.27,25.1,-4.5,24.67,-1.72,24.4,-1.09,24.27,-0.53,24.2,-0.29,24.17,-0.15,24.15,-0.08,24.14,-0.04,24.13,-0.02,24.13,-0.01
20260527_095838,700003266,CONVÊNIO INCLUSÃO DIGITAL DA POPULAÇÃO CARCERÁRIA  - MJ Nº 032/2007,apenas_positivos,MLP,"{'hidden_layer_sizes': (100,), 'alpha': 0.0001, 'learning_rate_init': 0.01}",6.31,4.89,10.6488,0.0,"[1, 2, 3]",pacf,3,53.41,53.88,0.88,55.58,3.16,57.54,3.53,58.62,1.88,59.99,2.34,61.5,2.52,62.68,1.91,63.88,1.92,65.13,1.95,66.22,1.67,67.27,1.59,68.32,1.56
20260527_095838,700003268,CONVÊNIO CAPACITAÇÃO PROFISSIONAL EM ELETRICIDADE  - MJ Nº 048/2007,apenas_positivos,MLP,"{'hidden_layer_sizes': (100,), 'alpha': 0.0001, 'learning_rate_init': 0.01}",0.43,0.34,10.6671,0.0,"[1, 2, 3]",pacf,3,3.66,3.7,1.0,3.82,3.22,3.95,3.42,4.02,1.9,4.12,2.36,4.22,2.48,4.3,1.91,4.38,1.93,4.47,1.94,4.54,1.67,4.61,1.59,4.69,1.55
20260527_095838,700003270,CONVÊNIO CAPACITAÇÃO PROFISSIONAL EM CORTE E COSTU - MJ Nº 055/2007,apenas_positivos,MLP,"{'hidden_layer_sizes': (50,), 'alpha': 0.01, 'learning_rate_init': 0.01}",9.64,8.07,22.803,0.0,"[1, 2, 3, 10]",pacf,10,40.9,37.93,-7.27,36.56,-3.59,36.19,-1.02,35.71,-1.33,34.32,-3.88,33.65,-1.95,32.11,-4.58,32.11,0.0,32.12,0.02,31.22,-2.82,30.53,-2.21,30.43,-0.32
20260527_095838,700003281,CONVÊNIO CNPQ/FACEPE-PRONEX 2008 - PROG.APOIO A NÚCL EXCELÊCIAS,apenas_positivos,MLP,"{'hidden_layer_sizes': (50, 50), 'alpha': 0.01, 'learning_rate_init': 0.01}",55.83,48.86,54.591,0.0,"[1, 2]",pacf,2,58.32,110.86,90.08,88.68,-20.01,94.1,6.11,87.51,-7.0,85.46,-2.34,81.77,-4.32,78.76,-3.69,75.27,-4.43,71.74,-4.68,68.24,-4.88,65.17,-4.5,62.48,-4.12
20260527_095838,700003348,CONVÊNIO TERMO DE COMPROMISSO Nº001/2008 - 001/2008,apenas_positivos,ARIMA,"(1,1,3)",664.47,387.43,43.1461,0.0217,"[1, 2]",pacf,2,386.25,506.07,31.02,530.79,4.89,530.88,0.02,530.9,0.0,530.91,0.0,530.91,0.0,530.91,0.0,530.91,0.0,530.91,0.0,530.91,0.0,530.91,0.0,530.91,0.0
20260527_095838,700003591,CONVÊNIO CT N° 0264.754-88-2008 QUADRA POLIESPORTI - CT N° 0264.754-88/2008,apenas_positivos,ARIMA,"(2,1,1)",648.29,553.38,9.9838,0.0002,"[3, 4]",pacf,4,5591.86,5599.8,0.14,5685.73,1.53,5624.45,-1.08,5636.68,0.22,5649.4,0.23,5636.53,-0.23,5640.93,0.08,5642.35,0.03,5639.87,-0.04,5641.07,0.02,5641.11,0.0,5640.67,-0.01
20260527_095838,700003639,CONVÊNIO CONVENIO FACEPE/CNPQ - PPP 2010 - REGISTRO SICONV 739517/2010,apenas_positivos,ARIMA,"(0,1,1)",765.96,480.31,27.9915,0.0,"[1, 2]",pacf,2,1792.91,1744.82,-2.68,1744.82,0.0,1744.82,0.0,1744.82,0.0,1744.82,0.0,1744.82,0.0,1744.82,0.0,1744.82,0.0,1744.82,0.0,1744.82,0.0,1744.82,0.0,1744.82,0.0
20260527_095838,700003640,CONVÊNIO CONVENIO FACEPE/CNPQ - PRONEM 2010 - 610031/2010,apenas_positivos,SVR,"{'C': 100, 'epsilon': 0.01, 'kernel': 'linear'}",1360.71,1053.08,137.5331,0.0,"[1, 2]",pacf,2,2341.2,1854.39,-20.79,1729.92,-6.71,1497.28,-13.45,1365.77,-8.78,1228.77,-10.03,1128.84,-8.13,1040.09,-7.86,969.67,-6.77,910.14,-6.14,861.6,-5.33,821.19,-4.69,787.96,-4.05
20260527_095838,700003641,CONVÊNIO CONVENIO FACEPE/CNPQ - PRONEX 2010 - REGISTRO SICONV 737440/2010,apenas_positivos,MLP,"{'hidden_layer_sizes': (50, 50), 'alpha': 0.01, 'learning_rate_init': 0.01}",713.45,587.29,44.9941,0.0,"[1, 2]",pacf,2,1555.24,1518.52,-2.36,1514.17,-0.29,1507.93,-0.41,1504.8,-0.21,1502.6,-0.15,1501.21,-0.09,1500.31,-0.06,1499.72,-0.04,1499.35,-0.03,1499.1,-0.02,1498.95,-0.01,1498.85,-0.01
20260527_095838,700003647,CONVÊNIO MULHERES DE TEJUCUPAPO - TC.0301.544-37/2009/MC/CAIXA,apenas_positivos,ARIMA,"(0,1,3)",5527.16,4919.49,20.4232,0.0443,[12],pacf,12,29050.68,19539.38,-32.74,20352.52,4.16,21230.94,4.32,21230.94,0.0,21230.94,0.0,21230.94,0.0,21230.94,0.0,21230.94,0.0,21230.94,0.0,21230.94,0.0,21230.94,0.0,21230.94,0.0
20260527_095838,700003867,CONVÊNIO IMPLANTAÇÃO CENTRO REFERÊNCIA EM DIREITOS - 760720/2011-SICONV/SDH/PR,positivos_e_negativos,MLP,"{'hidden_layer_sizes': (50, 50), 'alpha': 0.01, 'learning_rate_init': 0.001}",0.18,0.16,17.6281,0.0025,[1],pacf,1,1.01,1.27,25.78,1.46,14.9,1.6,9.42,1.68,5.42,1.72,2.15,1.73,0.79,1.74,0.27,1.74,0.08,1.74,0.02,1.74,0.01,1.74,0.0,1.74,0.0
20260527_095838,700003935,CONVÊNIO REFORMA DO PONTO DE CULTURA SITIO DA TRIN -,apenas_positivos,ARIMA,"(1,1,3)",5.77,3.23,12.0409,0.0,[1],pacf,1,21.95,21.7,-1.13,21.34,-1.65,21.09,-1.17,21.06,-0.15,21.06,-0.02,21.06,-0.0,21.06,-0.0,21.06,-0.0,21.06,-0.0,21.06,-0.0,21.06,-0.0,21.06,-0.0
20260527_095838,700004189,CONVÊNIO CONSTRUÇÃO DA CADEIA PÚBLICA DE ARAÇOIABA - 778008/2012,positivos_e_negativos,SVR,"{'C': 100, 'epsilon': 0.01, 'kernel': 'linear'}",9743.57,9322.22,25.2489,0.0342,"[1, 2]",pacf,2,39520.21,28689.82,-27.4,28788.13,0.34,28878.72,0.31,28877.04,-0.01,28876.29,-0.0,28876.31,0.0,28876.32,0.0,28876.32,-0.0,28876.32,-0.0,28876.32,0.0,28876.32,0.0,28876.32,-0.0
20260527_095838,700004245,CONVÊNIO FORTE DE SANTO ANTÔNIO -,positivos_e_negativos,SVR,"{'C': 0.1, 'epsilon': 0.1, 'kernel': 'linear'}",588.62,229.02,41.5738,0.0,"[1, 2, 5]",pacf,5,-1814.7,-137.43,92.43,-295.36,-114.92,-293.88,0.5,-182.23,37.99,-511.22,-180.53,-187.6,63.3,-223.53,-19.15,-207.13,7.33,-157.28,24.07,-202.02,-28.45,-128.69,36.3,-125.71,2.32
20260527_095838,700004246,CONVÊNIO PAC 313 - FORTE DE SÃO PEDRO DO BOLDRÓ -,positivos_e_negativos,SVR,"{'C': 0.1, 'epsilon': 0.1, 'kernel': 'linear'}",474.72,203.13,58.9404,0.0,"[1, 2, 5]",pacf,5,-1440.41,-117.42,91.85,-301.35,-156.64,-233.35,22.56,-143.87,38.35,-418.99,-191.23,-153.43,63.38,-204.7,-33.42,-168.45,17.71,-130.05,22.8,-170.0,-30.71,-106.72,37.22,-110.87,-3.89
20260527_095838,700004288,CONVÊNIO INTERVENÇÃO DO ENTORNO DO TELEFÉRICO NO M -,apenas_positivos,SVR,"{'C': 100, 'epsilon': 0.01, 'kernel': 'linear'}",144.59,122.02,15.4242,0.0,"[1, 2]",pacf,2,888.67,899.67,1.24,917.13,1.94,933.98,1.84,951.35,1.86,969.08,1.86,987.2,1.87,1005.71,1.88,1024.63,1.88,1043.95,1.89,1063.7,1.89,1083.89,1.9,1104.51,1.9
20260527_095838,700004408,CONVÊNIO PAVIMENTAÇÃO DO ACESSO AO MIRANTE FREI DA -,apenas_positivos,SVR,"{'C': 1, 'epsilon': 0.1, 'kernel': 'linear'}",498.77,456.3,24.0171,0.0,"[1, 2]",pacf,2,2144.96,2179.11,1.59,2237.21,2.67,2287.61,2.25,2342.61,2.4,2397.47,2.34,2454.08,2.36,2511.74,2.35,2570.75,2.35,2631.04,2.35,2692.68,2.34,2755.68,2.34,2820.08,2.34
20260527_095838,702004197,CONVÊNIO CICLOVIÁRIO DA REGIÃO METROPOLITANA DO RE - PLANO DIRETOR CICLOVIÁRIO,apenas_positivos,SVR,"{'C': 100, 'epsilon': 0.01, 'kernel': 'linear'}",270.81,227.93,25.0187,0.0,[1],pacf,1,1097.41,1128.97,2.88,1161.31,2.87,1194.47,2.86,1228.47,2.85,1263.32,2.84,1299.05,2.83,1335.67,2.82,1373.21,2.81,1411.7,2.8,1451.16,2.79,1491.61,2.79,1533.07,2.78
20260527_095838,702004226,CONVÊNIO COOPERAÇÃO TÉCNICA DE VIDEO MONITORAMENTO -,apenas_positivos,MLP,"{'hidden_layer_sizes': (100,), 'alpha': 0.001, 'learning_rate_init': 0.001}",133.39,115.79,13.4035,0.0,"[1, 2, 6]",pacf,6,903.02,864.39,-4.28,871.91,0.87,861.16,-1.23,858.22,-0.34,848.81,-1.1,849.57,0.09,839.02,-1.24,837.99,-0.12,831.6,-0.76,829.57,-0.24,823.91,-0.68,822.38,-0.19
20260527_095838,702004281,CONVÊNIO VIDEOMONITORAMENTO ENTRE A SDS E A PREFEI - CONVÊNIO DE COOP.  08/2014,apenas_positivos,ARIMA,"(1,1,2)",35.68,29.81,8.4593,0.0,"[1, 2]",pacf,2,366.31,374.51,2.24,378.69,1.12,382.0,0.87,384.62,0.69,386.69,0.54,388.33,0.42,389.63,0.33,390.66,0.26,391.47,0.21,392.12,0.16,392.63,0.13,393.03,0.1
20260527_095838,702004749,CONVÊNIO COOPERAÇÃO TÉCNICA ADM. E FINANCEIRA ENTR - CONVÊNIO 009/2019-GGPPE/SDS,apenas_positivos,MLP,"{'hidden_layer_sizes': (100,), 'alpha': 0.01, 'learning_rate_init': 0.01}",98214.46,85627.48,16093.6243,0.0085,[1],pacf,1,948.88,66192.34,6875.84,100678.19,52.1,116507.26,15.72,122970.41,5.55,125438.09,2.01,126351.84,0.73,126690.19,0.27,126815.48,0.1,126861.87,0.04,126879.05,0.01,126885.41,0.01,126887.77,0.0
20260527_095838,702005118,CONVÊNIO CONVÊNIO ENTRE A SDS E A PREFEITURA MUNIC - 009/2021,apenas_positivos,MLP,"{'hidden_layer_sizes': (100, 50), 'alpha': 0.01, 'learning_rate_init': 0.001}",11.03,10.39,8.3627,0.003,"[1, 6]",pacf,6,129.34,109.17,-15.59,109.13,-0.04,109.12,-0.01,109.12,0.0,109.12,-0.0,109.13,0.01,109.12,-0.01,109.12,-0.0,109.12,-0.0,109.12,0.0,109.12,-0.0,109.12,0.0
20260527_095838,703004276,CONVÊNIO TERMO DE COOPERAÇÃO TÉCNICA-FINANCEIRA Nº - 001/2013,apenas_positivos,ARIMA,"(0,2,0)",0.21,0.13,7.6483,0.0,"[1, 2]",pacf,2,0.58,0.6,3.45,0.62,3.33,0.64,3.23,0.66,3.13,0.68,3.03,0.7,2.94,0.72,2.86,0.74,2.78,0.76,2.7,0.78,2.63,0.8,2.56,0.82,2.5
20260527_095838,703004277,CONVÊNIO ITEP- BOLSA COMPLEMENTAR 2014 -,apenas_positivos,MLP,"{'hidden_layer_sizes': (50, 50), 'alpha': 0.0001, 'learning_rate_init': 0.01}",12.49,8.03,30.4491,0.0,"[1, 2]",pacf,2,28.35,27.62,-2.57,27.44,-0.64,27.27,-0.61,27.18,-0.37,27.11,-0.24,27.07,-0.16,27.04,-0.1,27.02,-0.07,27.01,-0.04,27.0,-0.03,27.0,-0.02,26.99,-0.01
20260527_095838,703004361,CONVÊNIO FACEPE/PITEC-FIAT -,apenas_positivos,ARIMA,"(0,1,1)",12897.08,4640.97,53.3072,0.0,"[1, 2]",pacf,2,2411.31,4165.2,72.74,4165.2,0.0,4165.2,0.0,4165.2,0.0,4165.2,0.0,4165.2,0.0,4165.2,0.0,4165.2,0.0,4165.2,0.0,4165.2,0.0,4165.2,0.0,4165.2,0.0
20260527_095838,703004500,CONVÊNIO PITEC 4ª RODADA - KURIER TECNOLOGIA EM IN -,apenas_positivos,MLP,"{'hidden_layer_sizes': (50, 50), 'alpha': 0.0001, 'learning_rate_init': 0.01}",239.77,154.65,30.8938,0.0,"[1, 2]",pacf,2,547.12,535.79,-2.07,535.16,-0.12,533.47,-0.32,532.8,-0.13,532.34,-0.09,532.09,-0.05,531.95,-0.03,531.87,-0.01,531.82,-0.01,531.8,-0.0,531.78,-0.0,531.78,-0.0
20260527_095838,752000000,RECURSOS VINCULADOS AO TRÂNSITO,positivos_e_negativos,LR,Ridge(alpha=100.0),4559764.79,4037325.73,138.2816,0.0078,[1],pacf,1,10152861.98,7230346.45,-28.79,6888960.91,-4.72,6849082.9,-0.58,6844424.67,-0.07,6843880.53,-0.01,6843816.96,-0.0,6843809.54,-0.0,6843808.67,-0.0,6843808.57,-0.0,6843808.56,-0.0,6843808.56,-0.0,6843808.56,-0.0
20260527_095838,753000000,RECURSOS PROVENIENTES DE TAXAS E CONTRIBUIÇÕES E PREÇOS PÚBLICOS,positivos_e_negativos,LR,Ridge(alpha=10.0),17194125.34,16476611.87,26.7822,0.0234,[1],pacf,1,60592923.46,69298811.77,14.37,72379581.39,4.45,73469779.32,1.51,73855569.79,0.53,73992090.21,0.18,74040400.95,0.07,74057496.77,0.02,74063546.5,0.01,74065687.33,0.0,74066444.91,0.0,74066713.0,0.0,74066807.86,0.0
20260527_095838,753220201,"RECURSOS PROVENIENTES DE TAXAS, CONTRIBUIÇÕES E PREÇOS PÚBLICOS - ADAGRO",apenas_positivos,MLP,"{'hidden_layer_sizes': (100, 50), 'alpha': 0.0001, 'learning_rate_init': 0.001}",169970.26,136507.44,9.9427,0.0,"[1, 2, 5, 9, 12]",pacf,12,1721742.67,1606483.23,-6.69,1635324.14,1.8,1628160.44,-0.44,1678955.48,3.12,1745846.7,3.98,1793527.51,2.73,1894559.05,5.63,1957462.77,3.32,2043054.43,4.37,2110620.6,3.31,2163059.8,2.48,2270307.77,4.96
20260527_095838,753610801,"RECURSOS PROVENIENTES DE TAXAS, CONTRIBUIÇÕES E PREÇOS PÚBLICOS - MULTAS CPRH",apenas_positivos,MLP,"{'hidden_layer_sizes': (100,), 'alpha': 0.0001, 'learning_rate_init': 0.001}",109497.8,89652.27,22.2571,0.0005,[3],pacf,3,582626.57,234290.78,-59.79,276626.11,18.07,398094.34,43.91,273995.89,-31.17,286494.4,4.56,324562.34,13.29,287593.8,-11.39,293808.12,2.16,305247.5,3.89,293814.98,-3.75,296868.22,1.04,299778.74,0.98
20260527_095838,759150000,RECURSOS VINCULADOS A FUNDOS - FUNDO APERF. TCE,apenas_positivos,SVR,"{'C': 10, 'epsilon': 1, 'kernel': 'linear'}",180785.33,126033.18,17.5605,0.0,"[1, 2, 3]",pacf,3,643918.44,685593.12,6.47,699411.36,2.02,693753.13,-0.81,708996.9,2.2,714148.38,0.73,717372.31,0.45,723849.12,0.9,727324.22,0.48,730593.53,0.45,734002.71,0.47,736480.38,0.34,738779.71,0.31
20260527_095838,759240000,RECURSOS VINCULADOS A FUNDOS - FERM,apenas_positivos,SVR,"{'C': 100, 'epsilon': 0.1, 'kernel': 'linear'}",6324915.58,5342416.63,10.7741,0.0,"[1, 2, 5]",pacf,5,66344126.48,67111769.28,1.16,68272407.44,1.73,72144617.45,5.67,73180845.76,1.44,74918023.63,2.37,76725769.82,2.41,78159904.14,1.87,80565921.19,3.08,82480445.98,2.38,84517648.78,2.47,86709837.84,2.59,88735785.67,2.34
20260527_095838,759260101,RECURSOS VINCULADOS A FUNDOS - FUNTEC,positivos_e_negativos,LR,Ridge(alpha=0.01),329584.56,153338.91,28.3345,0.0,[1],pacf,1,-660607.61,-473909.48,28.26,-323398.82,31.76,-202061.45,37.52,-104242.75,48.41,-25384.12,75.65,38189.44,250.45,89440.61,134.2,130757.84,46.2,164066.59,25.47,190919.16,16.37,212566.92,11.34,230018.73,8.21
20260527_095838,759410301,RECURSOS VINCULADOS A FUNDOS - FUPES,positivos_e_negativos,ARIMA,"(1,0,1)",53716.53,32362.58,60.9737,0.0,"[1, 2, 3]",pacf,3,39275.7,42553.89,8.35,42370.22,-0.43,42191.26,-0.42,42016.87,-0.41,41846.94,-0.4,41681.36,-0.4,41520.01,-0.39,41362.79,-0.38,41209.59,-0.37,41060.31,-0.36,40914.85,-0.35,40773.1,-0.35
20260527_095838,759460000,RECURSOS VINCULADOS A FUNDOS - FURPE,apenas_positivos,MLP,"{'hidden_layer_sizes': (50, 50), 'alpha': 0.0001, 'learning_rate_init': 0.001}",1247472.19,952867.03,23.4819,0.0,"[1, 3]",pacf,3,4847467.82,4249479.48,-12.34,3527754.6,-16.98,4028418.6,14.19,4039676.08,0.28,3803860.32,-5.84,3916067.88,2.95,3926855.8,0.28,3871003.55,-1.42,3887843.13,0.44,3892103.25,0.11,3878414.32,-0.35,3879797.91,0.04
20260527_095838,759480101,RECURSOS VINCULADOS A FUNDOS - FUNCULTURA - PROJETOS DE PRODUTORES CULTURAIS,apenas_positivos,MLP,"{'hidden_layer_sizes': (50, 50), 'alpha': 0.0001, 'learning_rate_init': 0.001}",2189664.83,1873572.7,1044.0289,0.0011,[1],pacf,1,202819.31,1644697.16,710.92,1710180.73,3.98,1711717.43,0.09,1711737.55,0.0,1711737.81,0.0,1711737.81,0.0,1711737.81,0.0,1711737.81,0.0,1711737.81,0.0,1711737.81,0.0,1711737.81,0.0,1711737.81,0.0
20260527_095838,759520000,RECURSOS VINCULADOS A FUNDOS - INOVAR-PE,positivos_e_negativos,MLP,"{'hidden_layer_sizes': (100, 50), 'alpha': 0.0001, 'learning_rate_init': 0.01}",2722266.59,1709314.49,69.1083,0.0,"[6, 12]",pacf,12,-5613985.49,279792.27,104.98,1049733.39,275.18,2979617.43,183.85,-476608.16,-116.0,4407956.87,1024.86,-609490.28,-113.83,1017475.59,266.94,833821.69,-18.05,10952057.85,1213.48,726002.85,-93.37,1866115.29,157.04,-5503875.13,-394.94
20260527_095838,759530000,RECURSOS VINCULADOS A FUNDOS - FUNPGE,apenas_positivos,MLP,"{'hidden_layer_sizes': (50, 50), 'alpha': 0.0001, 'learning_rate_init': 0.001}",2177663.94,1336657.91,50.7147,0.017,[1],pacf,1,2819695.52,269513.55,-90.44,492241.64,82.64,501022.61,1.78,501179.11,0.03,501181.9,0.0,501181.95,0.0,501181.95,0.0,501181.95,0.0,501181.95,0.0,501181.95,0.0,501181.95,0.0,501181.95,-0.0
20260527_095838,759540000,RECURSOS VINCULADOS A FUNDOS - FDIMPPE,positivos_e_negativos,MLP,"{'hidden_layer_sizes': (100,), 'alpha': 0.01, 'learning_rate_init': 0.001}",226564.44,79291.36,47.9028,0.0007,"[2, 6]",pacf,6,44577.11,81923.09,83.78,77618.28,-5.25,69746.18,-10.14,72907.27,4.53,76900.04,5.48,70173.84,-8.75,69054.3,-1.6,70959.37,2.76,70366.61,-0.84,68881.61,-2.11,69913.29,1.5,70413.35,0.72
20260527_095838,759570000,RECURSOS VINCULADOS A FUNDOS - FUNSEG,apenas_positivos,SVR,"{'C': 100, 'epsilon': 0.1, 'kernel': 'linear'}",132218.9,101303.26,6.5556,0.0,"[1, 2]",pacf,2,1781810.91,1798797.08,0.95,1844940.66,2.57,1876780.79,1.73,1918153.33,2.2,1956063.58,1.98,1997676.01,2.13,2039123.39,2.07,2082577.83,2.13,2126907.73,2.13,2172791.34,2.16,2219918.11,2.17,2268520.49,2.19
20260527_095838,759590000,RECURSOS VINCULADOS A FUNDOS - FUNREPOL,positivos_e_negativos,LR,Ridge(alpha=0.01),554237.85,359119.16,36.7705,0.0,[1],pacf,1,-1171010.09,-604526.71,48.38,-235608.86,61.03,4645.98,101.97,161110.06,3367.73,263006.06,63.25,329365.02,25.23,372580.78,13.12,400724.7,7.55,419053.21,4.57,430989.5,2.85,438762.92,1.8,443825.3,1.15
20260527_095838,761000000,RECURSOS VINCULADOS AO FUNDO DE COMBATE E ERRADICAÇÃO DA POBREZA,apenas_positivos,MLP,"{'hidden_layer_sizes': (100, 50), 'alpha': 0.0001, 'learning_rate_init': 0.01}",4469495.06,2519773.18,8.2134,0.0,"[1, 2]",pacf,2,27620518.49,30192862.93,9.31,30378996.94,0.62,31049981.36,2.21,31347344.81,0.96,31695219.01,1.11,31949786.62,0.8,32184169.52,0.73,32372852.05,0.59,32535759.57,0.5,32669966.42,0.41,32777697.92,0.33,32866801.16,0.27
20260527_095838,799012006,CPRH/ S/A PAULISTA,apenas_positivos,ARIMA,"(3,1,0)",170.08,155.3,28.9653,0.0,[1],pacf,1,625.62,615.51,-1.62,606.84,-1.41,597.85,-1.48,604.09,1.04,604.65,0.09,606.22,0.26,604.1,-0.35,604.6,0.08,604.19,-0.07,604.82,0.1,604.5,-0.05,604.67,0.03
20260527_095838,799012010,CPHR/ PETROQUÍMICASUAPE,positivos_e_negativos,ARIMA,"(0,1,1)",25069.02,18063.23,24.5393,0.0,[1],pacf,1,75802.77,74763.74,-1.37,74763.74,0.0,74763.74,0.0,74763.74,0.0,74763.74,0.0,74763.74,0.0,74763.74,0.0,74763.74,0.0,74763.74,0.0,74763.74,0.0,74763.74,0.0,74763.74,0.0
20260527_095838,799012014,CTR IPOJUCA,apenas_positivos,ARIMA,"(1,1,0)",9822.41,9035.38,33.3913,0.0,[1],pacf,1,31769.88,31049.67,-2.27,31246.21,0.63,31192.58,-0.17,31207.21,0.05,31203.22,-0.01,31204.31,0.0,31204.01,-0.0,31204.09,0.0,31204.07,-0.0,31204.08,0.0,31204.07,-0.0,31204.08,0.0
20260527_095838,799012015,TCA 001/2015 - CPRH /MIN,apenas_positivos,SVR,"{'C': 10, 'epsilon': 0.01, 'kernel': 'linear'}",16021.78,14366.51,27.5451,0.0,"[1, 10]",pacf,10,36772.05,25765.92,-29.93,35085.01,36.17,37525.89,6.96,41115.12,9.56,50632.1,23.15,55161.26,8.95,55128.08,-0.06,57931.98,5.09,58361.77,0.74,56892.25,-2.52,57796.53,1.59,57453.2,-0.59
20260527_095838,799012016,TCA 003/2015 - ECOPESA AMBIENTAL,apenas_positivos,MLP,"{'hidden_layer_sizes': (100,), 'alpha': 0.01, 'learning_rate_init': 0.01}",832.29,686.32,16.6952,0.0,[1],pacf,1,4952.08,4614.94,-6.81,4345.45,-5.84,4133.33,-4.88,3965.76,-4.05,3833.28,-3.34,3728.62,-2.73,3645.97,-2.22,3580.71,-1.79,3529.96,-1.42,3490.55,-1.12,3459.94,-0.88,3436.16,-0.69
20260527_095838,799022006,CPRH/MGRBA,apenas_positivos,MLP,"{'hidden_layer_sizes': (100, 50), 'alpha': 0.0001, 'learning_rate_init': 0.01}",1775.05,1446.57,20.4411,0.0,[1],pacf,1,8464.91,6953.48,-17.86,5936.19,-14.63,5251.75,-11.53,4775.7,-9.06,4449.88,-6.82,4235.13,-4.83,4090.68,-3.41,3981.85,-2.66,3875.48,-2.67,3764.96,-2.85,3653.95,-2.95,3539.93,-3.12
20260527_095838,799022010,CPRH/ SETUR/PE,apenas_positivos,ARIMA,"(0,1,0)",805.98,687.8,27.8699,0.0,[1],pacf,1,2980.67,2980.67,0.0,2980.67,0.0,2980.67,0.0,2980.67,0.0,2980.67,0.0,2980.67,0.0,2980.67,0.0,2980.67,0.0,2980.67,0.0,2980.67,0.0,2980.67,0.0,2980.67,0.0
20260527_095838,799022013,CPRH / L. P. DO PAIVA / COMPESA,apenas_positivos,ARIMA,"(0,1,0)",1488.32,1270.09,27.8702,0.0,[1],pacf,1,5504.03,5504.03,0.0,5504.03,0.0,5504.03,0.0,5504.03,0.0,5504.03,0.0,5504.03,0.0,5504.03,0.0,5504.03,0.0,5504.03,0.0,5504.03,0.0,5504.03,0.0,5504.03,0.0
20260527_095838,799022014,TCA 001 / 2014 - PETROQUÝMICA SUAPE,apenas_positivos,SVR,"{'C': 1, 'epsilon': 0.01, 'kernel': 'linear'}",13476.06,11796.97,10.6348,0.0,"[1, 10]",pacf,10,150157.2,158430.63,5.51,166621.28,5.17,179762.96,7.89,188764.79,5.01,199457.39,5.66,213981.71,7.28,225890.41,5.57,238208.8,5.45,252913.19,6.17,267367.74,5.72,282613.24,5.7,299929.74,6.13
20260527_095838,799022016,TCA 002/2015 - SECID,apenas_positivos,MLP,"{'hidden_layer_sizes': (50, 50), 'alpha': 0.01, 'learning_rate_init': 0.001}",5229.15,4400.13,22.3402,0.0,[1],pacf,1,22882.41,20007.3,-12.56,18123.01,-9.42,16907.61,-6.71,16144.26,-4.51,15652.77,-3.04,15323.94,-2.1,15108.66,-1.4,14967.72,-0.93,14872.86,-0.63,14804.84,-0.46,14755.23,-0.34,14719.04,-0.25
20260527_095838,799032013,CPRH / B. ENG. MARANHÒO / COMPESA,apenas_positivos,ARIMA,"(0,1,1)",3812.08,3241.06,24.9391,0.0,"[1, 2]",pacf,2,15144.57,14435.14,-4.68,14435.14,0.0,14435.14,0.0,14435.14,0.0,14435.14,0.0,14435.14,0.0,14435.14,0.0,14435.14,0.0,14435.14,0.0,14435.14,0.0,14435.14,0.0,14435.14,0.0
20260527_095838,799042013,CPRH / B. ENG. PEREIRA / COMPESA,apenas_positivos,ARIMA,"(1,1,0)",4393.05,3742.69,27.5606,0.0,"[1, 10]",pacf,10,16393.0,16122.62,-1.65,16176.3,0.33,16165.64,-0.07,16167.76,0.01,16167.34,-0.0,16167.42,0.0,16167.41,-0.0,16167.41,0.0,16167.41,-0.0,16167.41,0.0,16167.41,-0.0,16167.41,0.0
20260527_095838,799042016,TCA  027/2016  -  BARRAGEM SERRO AZUL,apenas_positivos,ARIMA,"(2,1,0)",24843.47,20658.07,111.8935,0.0,[1],pacf,1,92067.37,89541.89,-2.74,90847.7,1.46,90670.34,-0.2,90448.06,-0.25,90633.64,0.21,90573.47,-0.07,90563.93,-0.01,90585.35,0.02,90574.28,-0.01,90575.78,0.0,90577.67,0.0,90576.09,-0.0
20260527_095838,799052013,CPRH / FIAT,positivos_e_negativos,ARIMA,"(0,1,1)",13735.83,11688.41,25.1032,0.0,"[1, 2]",pacf,2,54274.67,52126.32,-3.96,52126.32,0.0,52126.32,0.0,52126.32,0.0,52126.32,0.0,52126.32,0.0,52126.32,0.0,52126.32,0.0,52126.32,0.0,52126.32,0.0,52126.32,0.0,52126.32,0.0
20260527_095838,799052016,TCA  059/2016  -  CTR CARUARU,apenas_positivos,LR,Ridge(alpha=0.01),82.03,62.66,4.3255,0.0,[1],pacf,1,1683.23,1691.15,0.47,1698.03,0.41,1704.0,0.35,1709.18,0.3,1713.67,0.26,1717.57,0.23,1720.96,0.2,1723.89,0.17,1726.44,0.15,1728.66,0.13,1730.58,0.11,1732.24,0.1
20260527_095838,799062013,CPRH / RNEST / PETROBRSSS,positivos_e_negativos,MLP,"{'hidden_layer_sizes': (100, 50), 'alpha': 0.01, 'learning_rate_init': 0.001}",509707.85,429521.51,19.562,0.0,[1],pacf,1,2493232.87,2189764.9,-12.17,2016008.48,-7.93,1913079.4,-5.11,1852605.83,-3.16,1817788.01,-1.88,1796777.55,-1.16,1784020.36,-0.71,1776145.62,-0.44,1771262.82,-0.27,1768190.39,-0.17,1766248.04,-0.11,1765020.13,-0.07
20260527_095838,799062016,ATERRO SANITSSRIO DE CARUARU - TCA   063/2016,apenas_positivos,MLP,"{'hidden_layer_sizes': (100, 50), 'alpha': 0.0001, 'learning_rate_init': 0.001}",438.92,392.33,26.0105,0.0,[1],pacf,1,1745.07,1696.27,-2.8,1663.54,-1.93,1641.28,-1.34,1626.12,-0.92,1615.78,-0.64,1608.71,-0.44,1603.88,-0.3,1600.58,-0.21,1598.32,-0.14,1596.77,-0.1,1595.72,-0.07,1595.0,-0.05
20260527_095838,799072013,CPRH/CTR PETROLINA,positivos_e_negativos,ARIMA,"(0,1,0)",206.79,165.37,23.1781,0.0,[1],pacf,1,867.37,867.37,0.0,867.37,0.0,867.37,0.0,867.37,0.0,867.37,0.0,867.37,0.0,867.37,0.0,867.37,0.0,867.37,0.0,867.37,0.0,867.37,0.0,867.37,0.0
20260527_095838,799102013,CPRH/ESTALEIRO PROMAR,apenas_positivos,LR,Ridge(alpha=0.01),4977.14,4313.12,17.661,0.0,[1],pacf,1,26650.69,27298.38,2.43,27957.18,2.41,28627.29,2.4,29308.91,2.38,30002.22,2.37,30707.44,2.35,31424.76,2.34,32154.39,2.32,32896.55,2.31,33651.45,2.29,34419.3,2.28,35200.34,2.27
20260527_095838,799112013,CPRH / B. BREJÂO / SRHE,apenas_positivos,MLP,"{'hidden_layer_sizes': (100,), 'alpha': 0.0001, 'learning_rate_init': 0.001}",0.05,0.04,9.3398,0.0,[1],pacf,1,0.49,0.55,11.69,0.59,7.9,0.62,5.53,0.65,3.95,0.67,2.87,0.68,2.11,0.69,1.56,0.7,1.16,0.71,0.86,0.71,0.65,0.71,0.49,0.72,0.36
20260527_095838,799122013,CONTORNO DO CABO / SUAPE,apenas_positivos,MLP,"{'hidden_layer_sizes': (50, 50), 'alpha': 0.01, 'learning_rate_init': 0.001}",8334.74,6019.99,26.5494,0.0,[1],pacf,1,22188.13,19280.02,-13.11,17439.9,-9.54,16300.23,-6.53,15585.5,-4.38,15117.83,-3.0,14797.55,-2.12,14570.63,-1.53,14409.71,-1.1,14294.79,-0.8,14207.89,-0.61,14141.85,-0.46,14091.65,-0.35
20260527_095838,799662005,CPRH / CAMARGO CORREIA,positivos_e_negativos,ARIMA,"(1,1,0)",17728.07,8349.72,30.2606,0.0,[1],pacf,1,16858.27,16421.44,-2.59,16608.35,1.14,16528.37,-0.48,16562.59,0.21,16547.95,-0.09,16554.22,0.04,16551.54,-0.02,16552.68,0.01,16552.19,-0.0,16552.4,0.0,16552.31,-0.0,16552.35,0.0
20260527_095838,799812005,CPRH/BRAVEL,apenas_positivos,ARIMA,"(0,1,1)",3737.66,3107.98,29.8191,0.0,"[1, 10]",pacf,10,11158.66,10716.49,-3.96,10716.49,0.0,10716.49,0.0,10716.49,0.0,10716.49,0.0,10716.49,0.0,10716.49,0.0,10716.49,0.0,10716.49,0.0,10716.49,0.0,10716.49,0.0,10716.49,0.0
20260527_095838,800000000,RECURSOS VINCULADOS AO RPPS - FUNDO EM CAPITALIZAÇÃO (PLANO PREVIDENCIÁRIO),apenas_positivos,ARIMA,"(2,1,2)",8396442.2,7867100.12,23.6187,0.0,"[1, 2]",pacf,2,38217933.66,36482201.73,-4.54,35943216.22,-1.48,36134199.96,0.53,36335999.62,0.56,36371647.11,0.1,36338700.31,-0.09,36317275.41,-0.06,36316449.33,-0.0,36321123.72,0.01,36323175.33,0.01,36322899.63,-0.0,36322310.94,-0.0
20260527_095838,801000000,RECURSOS VINCULADOS AO RPPS - FUNDO EM REPARTIÇÃO (PLANO FINANCEIRO),apenas_positivos,MLP,"{'hidden_layer_sizes': (50,), 'alpha': 0.01, 'learning_rate_init': 0.001}",58465572.47,33740718.13,10.7291,0.0,"[1, 3, 10, 12]",pacf,12,261451909.11,244920979.98,-6.32,328761162.47,34.23,257240055.49,-21.75,251457393.6,-2.25,254385715.18,1.16,251114789.68,-1.29,250713707.52,-0.16,255374399.21,1.86,253413207.71,-0.77,276719025.74,9.2,255248494.82,-7.76,259870840.56,1.81
20260527_095838,803000000,RECURSOS VINCULADOS AO SISTEMA DE PROTEÇÃO SOCIAL DOS MILITARES (SPSM),apenas_positivos,SVR,"{'C': 0.1, 'epsilon': 1, 'kernel': 'rbf'}",9243874.24,5622994.73,12.4587,0.0079,"[2, 12]",pacf,12,37044337.13,41162935.33,11.12,41826717.72,1.61,41337758.74,-1.17,41317909.68,-0.05,41316605.21,-0.0,41298653.28,-0.04,41281770.47,-0.04,41263872.81,-0.04,41259060.03,-0.01,41237328.45,-0.05,41261173.08,0.06,41264872.9,0.01
